-- ============================================================
-- FlavorMetrics: Seed Data (synthetically generated, but with
-- realistic distributions: customer segments, weekly seasonality,
-- loyalty lift). Generated by generate_data.py with seed=42.
-- File: 02_seed_data.sql
-- ============================================================
SET search_path TO flavormetrics;

-- stores
INSERT INTO stores (store_id, store_name, city, opened_date) VALUES
(1, 'FlavorMetrics - Koramangala', 'Bengaluru', '2023-01-15'),
(2, 'FlavorMetrics - Andheri', 'Mumbai', '2023-04-01'),
(3, 'FlavorMetrics - Hauz Khas', 'Delhi', '2023-07-10');

-- menu_items
INSERT INTO menu_items (product_id, product_name, category, price, cost) VALUES
(1, 'Veg Sushi Roll', 'Sushi', 220.00, 95.00),
(2, 'Salmon Sushi Roll', 'Sushi', 320.00, 160.00),
(3, 'Chicken Katsu Curry', 'Curry', 280.00, 110.00),
(4, 'Paneer Butter Curry', 'Curry', 250.00, 90.00),
(5, 'Tonkotsu Ramen', 'Ramen', 310.00, 130.00),
(6, 'Veg Miso Ramen', 'Ramen', 270.00, 95.00),
(7, 'Edamame', 'Starter', 90.00, 30.00),
(8, 'Gyoza (6 pc)', 'Starter', 160.00, 60.00),
(9, 'Iced Matcha Latte', 'Beverage', 150.00, 45.00),
(10, 'Lychee Soda', 'Beverage', 120.00, 35.00),
(11, 'Mochi Ice Cream', 'Dessert', 140.00, 50.00),
(12, 'Dorayaki', 'Dessert', 110.00, 35.00);

-- staff
INSERT INTO staff (staff_id, staff_name, store_id, role) VALUES
(1, 'Aarav Mehta', 1, 'Chef'),
(2, 'Priya Nair', 1, 'Server'),
(3, 'Rohan Kapoor', 1, 'Server'),
(4, 'Sneha Iyer', 2, 'Chef'),
(5, 'Kunal Verma', 2, 'Server'),
(6, 'Isha Reddy', 2, 'Server'),
(7, 'Vivaan Shah', 3, 'Chef'),
(8, 'Ananya Joshi', 3, 'Server');

-- customers
INSERT INTO customers (customer_id, first_name, signup_date, home_city) VALUES
(1, 'Lakshmi', '2023-05-09', 'Bengaluru'),
(2, 'Sahil', '2023-10-23', 'Mumbai'),
(3, 'Riya', '2023-06-06', 'Bengaluru'),
(4, 'Om', '2024-07-26', 'Bengaluru'),
(5, 'Imran', '2024-03-22', 'Bengaluru'),
(6, 'Arjun', '2023-04-20', 'Mumbai'),
(7, 'Riya', '2024-06-15', 'Hyderabad'),
(8, 'Arjun', '2024-08-11', 'Mumbai'),
(9, 'Qasim', '2024-11-10', 'Hyderabad'),
(10, 'Shreya', '2023-08-28', 'Pune'),
(11, 'Imran', '2023-10-26', 'Bengaluru'),
(12, 'Tanvi', '2023-06-27', 'Pune'),
(13, 'Siddharth', '2023-10-26', 'Mumbai'),
(14, 'Aman', '2023-12-25', 'Bengaluru'),
(15, 'Rahul', '2024-02-08', 'Bengaluru'),
(16, 'Ritika', '2024-01-02', 'Hyderabad'),
(17, 'Simran', '2023-02-28', 'Pune'),
(18, 'Falguni', '2023-05-22', 'Pune'),
(19, 'Rahul', '2024-08-02', 'Delhi'),
(20, 'Lakshmi', '2024-10-09', 'Delhi'),
(21, 'Hema', '2023-07-30', 'Bengaluru'),
(22, 'Diya', '2024-11-22', 'Mumbai'),
(23, 'Uday', '2023-11-07', 'Bengaluru'),
(24, 'Riya', '2023-04-28', 'Pune'),
(25, 'Yash', '2024-04-23', 'Delhi'),
(26, 'Neha', '2024-01-29', 'Delhi'),
(27, 'Aman', '2024-12-01', 'Delhi'),
(28, 'Preeti', '2024-11-08', 'Bengaluru'),
(29, 'Jaya', '2024-10-26', 'Mumbai'),
(30, 'Falguni', '2023-09-22', 'Mumbai'),
(31, 'Aryan', '2024-02-07', 'Delhi'),
(32, 'Lakshmi', '2024-08-07', 'Mumbai'),
(33, 'Om', '2023-12-13', 'Bengaluru'),
(34, 'Riya', '2023-02-16', 'Delhi'),
(35, 'Gaurav', '2023-10-16', 'Bengaluru'),
(36, 'Aman', '2024-08-17', 'Delhi'),
(37, 'Aman', '2024-11-16', 'Pune'),
(38, 'Gaurav', '2024-11-03', 'Pune'),
(39, 'Ishaan', '2023-10-13', 'Mumbai'),
(40, 'Karan', '2024-08-11', 'Hyderabad'),
(41, 'Simran', '2024-09-04', 'Pune'),
(42, 'Imran', '2024-02-27', 'Delhi'),
(43, 'Riya', '2023-06-05', 'Hyderabad'),
(44, 'Chirag', '2023-04-18', 'Bengaluru'),
(45, 'Vikram', '2023-06-20', 'Mumbai'),
(46, 'Om', '2024-03-22', 'Hyderabad'),
(47, 'Meera', '2024-02-13', 'Pune'),
(48, 'Jaya', '2024-05-08', 'Hyderabad'),
(49, 'Simran', '2024-08-03', 'Bengaluru'),
(50, 'Om', '2023-05-12', 'Hyderabad'),
(51, 'Tanvi', '2023-10-15', 'Delhi'),
(52, 'Vikram', '2023-11-11', 'Pune'),
(53, 'Neha', '2024-04-23', 'Bengaluru'),
(54, 'Radhika', '2023-10-11', 'Hyderabad'),
(55, 'Tanvi', '2023-07-16', 'Hyderabad'),
(56, 'Sara', '2024-10-16', 'Delhi'),
(57, 'Lakshmi', '2024-06-17', 'Hyderabad'),
(58, 'Pooja', '2023-06-20', 'Delhi'),
(59, 'Tanvi', '2023-06-29', 'Hyderabad'),
(60, 'Uday', '2024-07-11', 'Bengaluru'),
(61, 'Jaya', '2023-12-12', 'Pune'),
(62, 'Arjun', '2023-05-09', 'Delhi'),
(63, 'Dev', '2023-09-17', 'Bengaluru'),
(64, 'Karan', '2024-08-17', 'Bengaluru'),
(65, 'Rahul', '2024-05-26', 'Bengaluru'),
(66, 'Tanvi', '2024-07-13', 'Mumbai'),
(67, 'Tanya', '2024-11-20', 'Pune'),
(68, 'Gautam', '2023-07-03', 'Delhi'),
(69, 'Eshan', '2024-09-27', 'Pune'),
(70, 'Aman', '2024-07-20', 'Mumbai'),
(71, 'Qasim', '2023-11-30', 'Pune'),
(72, 'Nisha', '2024-11-10', 'Delhi'),
(73, 'Tara', '2024-06-27', 'Pune'),
(74, 'Vikram', '2023-09-25', 'Mumbai'),
(75, 'Meera', '2023-12-27', 'Bengaluru'),
(76, 'Imran', '2024-08-04', 'Mumbai'),
(77, 'Imran', '2023-08-28', 'Bengaluru'),
(78, 'Meera', '2024-10-22', 'Bengaluru'),
(79, 'Riya', '2023-03-25', 'Bengaluru'),
(80, 'Siddharth', '2023-03-28', 'Hyderabad'),
(81, 'Karan', '2023-10-27', 'Pune'),
(82, 'Aman', '2024-07-20', 'Mumbai'),
(83, 'Radhika', '2024-08-21', 'Hyderabad'),
(84, 'Bhavna', '2023-09-20', 'Pune'),
(85, 'Shreya', '2023-07-28', 'Bengaluru'),
(86, 'Sara', '2024-11-19', 'Pune'),
(87, 'Ritika', '2024-03-23', 'Pune'),
(88, 'Aryan', '2023-03-11', 'Bengaluru'),
(89, 'Kabir', '2024-03-02', 'Delhi'),
(90, 'Sara', '2023-09-26', 'Mumbai'),
(91, 'Pooja', '2024-07-17', 'Pune'),
(92, 'Tanya', '2024-03-22', 'Mumbai'),
(93, 'Yash', '2024-05-02', 'Mumbai'),
(94, 'Meera', '2024-04-12', 'Hyderabad'),
(95, 'Sara', '2023-03-07', 'Hyderabad'),
(96, 'Aditi', '2023-04-20', 'Mumbai'),
(97, 'Neha', '2024-03-06', 'Pune'),
(98, 'Bhavna', '2023-08-21', 'Pune'),
(99, 'Kabir', '2023-07-02', 'Pune'),
(100, 'Aditi', '2024-02-18', 'Delhi'),
(101, 'Aryan', '2023-11-03', 'Pune'),
(102, 'Preeti', '2024-08-06', 'Pune'),
(103, 'Ishaan', '2023-07-28', 'Delhi'),
(104, 'Aman', '2023-03-15', 'Hyderabad'),
(105, 'Sahil', '2024-07-23', 'Bengaluru'),
(106, 'Sahil', '2023-12-02', 'Bengaluru'),
(107, 'Kabir', '2024-09-04', 'Pune'),
(108, 'Divya', '2024-07-11', 'Mumbai'),
(109, 'Kabir', '2024-06-18', 'Bengaluru'),
(110, 'Rohit', '2023-03-26', 'Hyderabad'),
(111, 'Meera', '2023-09-12', 'Pune'),
(112, 'Vikram', '2024-08-20', 'Mumbai'),
(113, 'Imran', '2024-09-14', 'Bengaluru'),
(114, 'Kunal', '2023-04-08', 'Pune'),
(115, 'Nisha', '2024-09-03', 'Hyderabad'),
(116, 'Eshan', '2023-12-04', 'Delhi'),
(117, 'Aman', '2024-11-30', 'Delhi'),
(118, 'Karan', '2023-10-13', 'Pune'),
(119, 'Tanya', '2024-11-05', 'Delhi'),
(120, 'Aryan', '2023-12-04', 'Bengaluru');

-- loyalty_members
INSERT INTO loyalty_members (customer_id, join_date, tier) VALUES
(2, '2023-12-20', 'Silver'),
(4, '2024-09-07', 'Gold'),
(5, '2024-05-02', 'Silver'),
(7, '2024-07-25', 'Gold'),
(8, '2024-11-07', 'Platinum'),
(12, '2023-09-08', 'Gold'),
(13, '2023-11-24', 'Silver'),
(18, '2023-07-24', 'Gold'),
(22, '2024-12-31', 'Gold'),
(23, '2023-12-10', 'Gold'),
(24, '2023-05-26', 'Silver'),
(25, '2024-06-25', 'Gold'),
(31, '2024-04-01', 'Silver'),
(33, '2023-12-29', 'Gold'),
(34, '2023-04-26', 'Silver'),
(37, '2024-12-06', 'Gold'),
(51, '2023-11-18', 'Gold'),
(52, '2024-01-19', 'Silver'),
(53, '2024-06-21', 'Silver'),
(54, '2023-11-17', 'Silver'),
(56, '2024-11-07', 'Silver'),
(59, '2023-08-23', 'Silver'),
(61, '2024-02-06', 'Silver'),
(64, '2024-11-01', 'Silver'),
(65, '2024-07-13', 'Silver'),
(66, '2024-09-07', 'Silver'),
(71, '2024-02-03', 'Silver'),
(72, '2024-12-31', 'Gold'),
(81, '2023-12-23', 'Silver'),
(83, '2024-10-11', 'Silver'),
(85, '2023-09-17', 'Silver'),
(91, '2024-09-02', 'Silver'),
(92, '2024-06-16', 'Silver'),
(93, '2024-06-05', 'Silver'),
(94, '2024-05-04', 'Silver'),
(96, '2023-05-20', 'Silver'),
(97, '2024-04-25', 'Silver'),
(100, '2024-03-12', 'Platinum'),
(101, '2023-11-09', 'Platinum'),
(104, '2023-04-12', 'Silver'),
(107, '2024-10-15', 'Gold'),
(109, '2024-09-01', 'Gold'),
(110, '2023-05-22', 'Gold'),
(111, '2023-12-06', 'Silver'),
(114, '2023-05-27', 'Gold'),
(120, '2024-02-13', 'Gold');

-- orders (1611 rows)
INSERT INTO orders (order_id, customer_id, store_id, staff_id, order_date, order_time) VALUES
(1, 1, 2, 6, '2023-05-11', '20:17:00'),
(2, 1, 2, 4, '2023-05-21', '20:01:00'),
(3, 1, 2, 6, '2023-05-26', '21:48:00'),
(4, 1, 2, 5, '2023-06-24', '20:40:00'),
(5, 1, 2, 6, '2023-06-30', '20:25:00'),
(6, 1, 2, 6, '2023-07-02', '21:25:00'),
(7, 1, 2, 4, '2023-07-09', '19:28:00'),
(8, 1, 2, 4, '2023-07-14', '21:31:00'),
(9, 1, 2, 4, '2023-07-23', '13:35:00'),
(10, 1, 2, 4, '2023-08-04', '12:53:00'),
(11, 1, 2, 5, '2023-08-05', '21:15:00'),
(12, 1, 2, 5, '2023-08-19', '21:17:00'),
(13, 1, 2, 6, '2023-09-07', '20:53:00'),
(14, 1, 2, 6, '2023-09-15', '19:48:00'),
(15, 1, 2, 4, '2023-10-01', '21:26:00'),
(16, 1, 2, 6, '2023-10-08', '19:42:00'),
(17, 1, 2, 6, '2023-10-16', '21:00:00'),
(18, 1, 2, 5, '2023-11-08', '20:16:00'),
(19, 1, 2, 6, '2023-11-11', '19:20:00'),
(20, 1, 2, 6, '2023-11-14', '21:14:00'),
(21, 1, 2, 6, '2023-11-22', '12:10:00'),
(22, 1, 2, 5, '2023-11-27', '13:23:00'),
(23, 1, 2, 4, '2023-12-07', '13:11:00'),
(24, 1, 2, 5, '2023-12-21', '13:40:00'),
(25, 1, 2, 5, '2024-01-01', '19:04:00'),
(26, 1, 2, 6, '2024-01-13', '19:22:00'),
(27, 1, 3, 7, '2024-01-21', '19:00:00'),
(28, 1, 2, 6, '2024-02-03', '13:16:00'),
(29, 1, 2, 5, '2024-02-07', '19:37:00'),
(30, 1, 2, 5, '2024-02-15', '20:56:00'),
(31, 1, 2, 5, '2024-03-07', '21:47:00'),
(32, 1, 2, 6, '2024-03-16', '19:54:00'),
(33, 1, 2, 6, '2024-04-21', '20:16:00'),
(34, 1, 2, 5, '2024-05-31', '21:35:00'),
(35, 1, 2, 4, '2024-06-01', '12:02:00'),
(36, 1, 2, 5, '2024-06-28', '19:24:00'),
(37, 1, 2, 5, '2024-07-31', '19:06:00'),
(38, 1, 2, 4, '2024-08-04', '13:23:00'),
(39, 1, 2, 6, '2024-08-12', '20:41:00'),
(40, 1, 2, 6, '2024-08-15', '20:04:00'),
(41, 1, 2, 6, '2024-08-26', '20:50:00'),
(42, 1, 2, 6, '2024-08-31', '20:07:00'),
(43, 1, 2, 5, '2024-09-01', '12:47:00'),
(44, 1, 2, 4, '2024-09-09', '12:32:00'),
(45, 1, 2, 6, '2024-09-15', '20:31:00'),
(46, 1, 2, 5, '2024-09-22', '19:20:00'),
(47, 1, 2, 4, '2024-10-19', '20:46:00'),
(48, 1, 2, 5, '2024-10-27', '12:27:00'),
(49, 1, 2, 4, '2024-11-05', '12:27:00'),
(50, 1, 2, 5, '2024-11-16', '19:07:00'),
(51, 1, 3, 7, '2024-11-22', '19:06:00'),
(52, 1, 2, 4, '2024-11-24', '21:23:00'),
(53, 1, 2, 6, '2024-11-25', '20:01:00'),
(54, 1, 2, 4, '2024-12-24', '12:55:00'),
(55, 2, 1, 2, '2024-11-08', '19:10:00'),
(56, 3, 1, 3, '2023-07-29', '19:18:00'),
(57, 3, 1, 1, '2024-01-12', '20:00:00'),
(58, 3, 1, 1, '2024-03-10', '13:07:00'),
(59, 3, 1, 2, '2024-08-13', '20:42:00'),
(60, 3, 1, 2, '2024-08-31', '21:55:00'),
(61, 4, 2, 6, '2024-08-05', '13:54:00'),
(62, 4, 2, 6, '2024-08-09', '19:38:00'),
(63, 4, 2, 6, '2024-08-10', '19:41:00'),
(64, 4, 2, 4, '2024-08-12', '21:31:00'),
(65, 4, 2, 6, '2024-08-14', '20:32:00'),
(66, 4, 2, 6, '2024-08-15', '13:44:00'),
(67, 4, 2, 5, '2024-08-16', '13:47:00'),
(68, 4, 2, 4, '2024-08-18', '19:53:00'),
(69, 4, 2, 4, '2024-08-19', '19:10:00'),
(70, 4, 2, 4, '2024-08-22', '21:54:00'),
(71, 4, 1, 1, '2024-08-24', '21:05:00'),
(72, 4, 2, 4, '2024-09-01', '13:20:00'),
(73, 4, 2, 5, '2024-09-04', '12:45:00'),
(74, 4, 2, 6, '2024-09-07', '21:38:00'),
(75, 4, 2, 4, '2024-09-08', '20:29:00'),
(76, 4, 2, 6, '2024-09-20', '19:15:00'),
(77, 4, 2, 6, '2024-10-06', '20:11:00'),
(78, 4, 2, 4, '2024-10-07', '21:35:00'),
(79, 4, 2, 4, '2024-10-11', '12:50:00'),
(80, 4, 2, 5, '2024-10-13', '20:48:00'),
(81, 4, 2, 6, '2024-10-14', '13:49:00'),
(82, 4, 2, 4, '2024-10-19', '20:29:00'),
(83, 4, 2, 6, '2024-10-20', '19:19:00'),
(84, 4, 2, 4, '2024-10-23', '19:49:00'),
(85, 4, 2, 4, '2024-10-26', '21:21:00'),
(86, 4, 2, 5, '2024-11-17', '20:05:00'),
(87, 4, 2, 6, '2024-11-21', '13:28:00'),
(88, 4, 2, 5, '2024-11-29', '19:27:00'),
(89, 4, 2, 4, '2024-12-01', '20:10:00'),
(90, 4, 2, 6, '2024-12-02', '12:15:00'),
(91, 4, 2, 4, '2024-12-07', '19:28:00'),
(92, 4, 2, 4, '2024-12-19', '12:47:00'),
(93, 4, 2, 5, '2024-12-21', '13:39:00'),
(94, 4, 2, 4, '2024-12-23', '21:28:00'),
(95, 4, 2, 6, '2024-12-24', '13:45:00'),
(96, 4, 2, 4, '2024-12-31', '13:31:00'),
(97, 5, 3, 7, '2024-05-05', '21:04:00'),
(98, 5, 3, 8, '2024-11-22', '13:08:00'),
(99, 6, 2, 6, '2023-07-09', '20:08:00'),
(100, 6, 2, 4, '2023-12-06', '20:37:00'),
(101, 7, 3, 7, '2024-06-22', '21:50:00'),
(102, 7, 3, 7, '2024-06-26', '21:09:00'),
(103, 7, 3, 8, '2024-06-27', '19:09:00'),
(104, 7, 3, 7, '2024-06-30', '20:03:00'),
(105, 7, 3, 8, '2024-07-03', '21:29:00'),
(106, 7, 3, 8, '2024-07-09', '13:15:00'),
(107, 7, 3, 8, '2024-07-12', '19:30:00'),
(108, 7, 3, 8, '2024-07-13', '21:25:00'),
(109, 7, 3, 8, '2024-07-15', '13:52:00'),
(110, 7, 3, 7, '2024-07-16', '20:03:00'),
(111, 7, 3, 7, '2024-07-21', '20:59:00'),
(112, 7, 3, 7, '2024-08-02', '13:03:00'),
(113, 7, 3, 7, '2024-08-04', '21:26:00'),
(114, 7, 3, 8, '2024-08-06', '20:06:00'),
(115, 7, 3, 8, '2024-08-15', '21:54:00'),
(116, 7, 3, 7, '2024-08-17', '20:45:00'),
(117, 7, 3, 8, '2024-08-25', '20:11:00'),
(118, 7, 3, 8, '2024-08-26', '21:00:00'),
(119, 7, 3, 8, '2024-08-27', '12:41:00'),
(120, 7, 3, 8, '2024-08-31', '19:57:00'),
(121, 7, 2, 6, '2024-09-01', '13:47:00'),
(122, 7, 3, 7, '2024-09-04', '21:48:00'),
(123, 7, 3, 7, '2024-09-09', '21:07:00'),
(124, 7, 3, 8, '2024-09-13', '20:45:00'),
(125, 7, 3, 8, '2024-09-15', '12:26:00'),
(126, 7, 3, 7, '2024-09-17', '13:00:00'),
(127, 7, 1, 1, '2024-09-21', '21:30:00'),
(128, 7, 3, 8, '2024-09-25', '21:41:00'),
(129, 7, 3, 7, '2024-09-29', '20:42:00'),
(130, 7, 3, 7, '2024-09-30', '20:14:00'),
(131, 7, 3, 7, '2024-10-09', '13:12:00'),
(132, 7, 3, 7, '2024-10-12', '21:01:00'),
(133, 7, 3, 7, '2024-10-14', '20:55:00'),
(134, 7, 3, 7, '2024-10-20', '13:55:00'),
(135, 7, 3, 8, '2024-10-22', '19:38:00'),
(136, 7, 3, 7, '2024-10-23', '19:17:00'),
(137, 7, 3, 8, '2024-10-24', '21:41:00'),
(138, 7, 3, 7, '2024-11-01', '21:19:00'),
(139, 7, 3, 7, '2024-11-07', '13:41:00'),
(140, 7, 3, 7, '2024-11-09', '20:55:00'),
(141, 7, 3, 8, '2024-11-11', '19:55:00'),
(142, 7, 3, 8, '2024-11-13', '20:47:00'),
(143, 7, 3, 8, '2024-11-18', '19:41:00'),
(144, 7, 3, 8, '2024-11-23', '12:46:00'),
(145, 7, 3, 8, '2024-11-29', '12:35:00'),
(146, 7, 3, 8, '2024-12-07', '21:31:00'),
(147, 7, 3, 8, '2024-12-13', '19:10:00'),
(148, 7, 3, 7, '2024-12-14', '21:41:00'),
(149, 7, 3, 7, '2024-12-15', '20:04:00'),
(150, 7, 3, 8, '2024-12-21', '20:59:00'),
(151, 7, 3, 8, '2024-12-27', '20:34:00'),
(152, 7, 3, 7, '2024-12-28', '21:06:00'),
(153, 8, 3, 8, '2024-08-19', '21:30:00'),
(154, 8, 2, 4, '2024-08-21', '19:42:00'),
(155, 8, 2, 6, '2024-08-31', '12:52:00'),
(156, 8, 2, 6, '2024-09-01', '19:24:00'),
(157, 8, 2, 4, '2024-10-07', '21:03:00'),
(158, 8, 2, 4, '2024-10-12', '21:20:00'),
(159, 8, 2, 6, '2024-11-03', '13:37:00'),
(160, 8, 2, 6, '2024-11-16', '13:45:00'),
(161, 8, 2, 5, '2024-11-20', '12:19:00'),
(162, 8, 2, 4, '2024-11-22', '20:26:00'),
(163, 8, 2, 5, '2024-11-30', '20:55:00'),
(164, 8, 2, 4, '2024-12-10', '21:57:00'),
(165, 9, 2, 4, '2024-11-12', '19:27:00'),
(166, 9, 2, 4, '2024-11-14', '19:52:00'),
(167, 9, 2, 6, '2024-11-15', '21:39:00'),
(168, 9, 2, 5, '2024-11-16', '20:34:00'),
(169, 9, 2, 6, '2024-11-17', '21:32:00'),
(170, 9, 2, 5, '2024-11-18', '13:45:00'),
(171, 9, 2, 4, '2024-11-19', '12:50:00'),
(172, 9, 2, 4, '2024-11-20', '19:37:00'),
(173, 9, 2, 4, '2024-11-21', '19:27:00'),
(174, 9, 2, 6, '2024-11-22', '19:21:00'),
(175, 9, 2, 4, '2024-11-24', '21:27:00'),
(176, 9, 2, 4, '2024-11-25', '20:41:00'),
(177, 9, 2, 4, '2024-11-28', '13:41:00'),
(178, 9, 2, 4, '2024-11-29', '20:00:00'),
(179, 9, 2, 4, '2024-11-30', '12:51:00'),
(180, 9, 2, 4, '2024-12-01', '20:48:00'),
(181, 9, 2, 6, '2024-12-03', '13:22:00'),
(182, 9, 2, 4, '2024-12-04', '20:55:00'),
(183, 9, 2, 5, '2024-12-05', '20:22:00'),
(184, 9, 2, 6, '2024-12-06', '13:38:00'),
(185, 9, 2, 4, '2024-12-07', '19:32:00'),
(186, 9, 2, 5, '2024-12-08', '19:15:00'),
(187, 9, 2, 6, '2024-12-09', '19:24:00'),
(188, 9, 1, 1, '2024-12-10', '12:04:00'),
(189, 9, 2, 6, '2024-12-11', '19:40:00'),
(190, 9, 2, 4, '2024-12-12', '20:17:00'),
(191, 9, 1, 3, '2024-12-14', '19:25:00'),
(192, 9, 2, 4, '2024-12-15', '21:15:00'),
(193, 9, 2, 6, '2024-12-16', '12:42:00'),
(194, 9, 2, 6, '2024-12-17', '19:22:00'),
(195, 9, 2, 4, '2024-12-18', '13:56:00'),
(196, 9, 2, 6, '2024-12-19', '12:29:00'),
(197, 9, 2, 6, '2024-12-20', '21:43:00'),
(198, 9, 2, 4, '2024-12-21', '21:15:00'),
(199, 9, 2, 6, '2024-12-22', '21:45:00'),
(200, 9, 2, 5, '2024-12-23', '21:36:00'),
(201, 9, 2, 5, '2024-12-24', '21:02:00'),
(202, 9, 2, 6, '2024-12-25', '19:05:00'),
(203, 9, 2, 6, '2024-12-26', '13:23:00'),
(204, 9, 2, 4, '2024-12-27', '21:21:00'),
(205, 9, 1, 1, '2024-12-28', '20:05:00'),
(206, 9, 2, 4, '2024-12-29', '20:25:00'),
(207, 9, 2, 5, '2024-12-30', '21:59:00'),
(208, 9, 2, 6, '2024-12-31', '13:49:00'),
(209, 10, 2, 4, '2023-10-15', '21:08:00'),
(210, 10, 2, 6, '2023-10-28', '12:57:00'),
(211, 10, 2, 4, '2023-10-29', '12:29:00'),
(212, 10, 2, 6, '2023-11-11', '19:24:00'),
(213, 10, 2, 6, '2023-12-12', '12:39:00'),
(214, 10, 2, 4, '2024-03-17', '12:24:00'),
(215, 10, 2, 6, '2024-03-23', '12:24:00'),
(216, 10, 2, 5, '2024-04-21', '13:01:00'),
(217, 10, 2, 4, '2024-07-01', '20:14:00'),
(218, 10, 2, 4, '2024-08-08', '20:47:00'),
(219, 10, 2, 6, '2024-09-14', '20:51:00'),
(220, 10, 2, 5, '2024-10-12', '12:12:00'),
(221, 10, 2, 4, '2024-11-07', '12:30:00'),
(222, 11, 2, 6, '2023-12-02', '20:31:00'),
(223, 11, 2, 5, '2023-12-16', '21:50:00'),
(224, 11, 2, 4, '2024-01-06', '20:18:00'),
(225, 11, 2, 6, '2024-01-14', '21:49:00'),
(226, 11, 2, 6, '2024-04-08', '20:40:00'),
(227, 11, 2, 4, '2024-07-21', '13:20:00'),
(228, 11, 2, 6, '2024-09-29', '13:15:00'),
(229, 11, 2, 6, '2024-10-27', '12:28:00'),
(230, 12, 2, 6, '2023-07-31', '21:40:00'),
(231, 12, 2, 5, '2023-09-10', '21:19:00'),
(232, 12, 2, 4, '2023-09-30', '21:23:00'),
(233, 12, 2, 6, '2023-10-03', '12:48:00'),
(234, 12, 3, 8, '2023-10-08', '13:03:00'),
(235, 12, 2, 6, '2023-10-12', '21:02:00'),
(236, 12, 2, 4, '2023-12-08', '20:11:00'),
(237, 12, 2, 6, '2024-01-07', '20:20:00'),
(238, 12, 2, 6, '2024-02-12', '21:00:00'),
(239, 12, 2, 4, '2024-04-10', '20:06:00'),
(240, 12, 2, 5, '2024-05-18', '13:41:00'),
(241, 12, 2, 4, '2024-06-30', '20:25:00'),
(242, 12, 2, 5, '2024-09-13', '19:21:00'),
(243, 12, 2, 4, '2024-11-02', '21:14:00'),
(244, 12, 2, 6, '2024-11-10', '13:26:00'),
(245, 12, 2, 5, '2024-12-31', '20:55:00'),
(246, 13, 3, 8, '2023-11-09', '21:32:00'),
(247, 13, 3, 8, '2023-11-24', '13:55:00'),
(248, 13, 3, 7, '2024-04-27', '20:18:00'),
(249, 13, 3, 8, '2024-06-15', '13:13:00'),
(250, 13, 3, 7, '2024-12-25', '19:08:00'),
(251, 14, 3, 8, '2024-02-15', '19:17:00'),
(252, 14, 3, 8, '2024-04-14', '21:51:00'),
(253, 14, 2, 5, '2024-05-25', '21:25:00'),
(254, 14, 3, 8, '2024-06-20', '20:40:00'),
(255, 14, 3, 7, '2024-07-03', '13:30:00'),
(256, 14, 3, 7, '2024-07-28', '19:05:00'),
(257, 14, 3, 7, '2024-10-24', '20:29:00'),
(258, 14, 3, 8, '2024-11-08', '13:07:00'),
(259, 14, 2, 5, '2024-12-05', '19:36:00'),
(260, 14, 3, 8, '2024-12-22', '19:11:00'),
(261, 15, 3, 8, '2024-03-24', '19:27:00'),
(262, 15, 3, 7, '2024-04-29', '19:53:00'),
(263, 16, 1, 1, '2024-06-09', '20:10:00'),
(264, 16, 1, 2, '2024-12-22', '21:21:00'),
(265, 17, 1, 3, '2023-03-22', '20:24:00'),
(266, 17, 1, 3, '2023-07-12', '12:06:00'),
(267, 17, 1, 3, '2023-08-20', '13:43:00'),
(268, 17, 1, 3, '2023-10-19', '13:38:00'),
(269, 18, 1, 1, '2023-09-07', '20:58:00'),
(270, 18, 1, 1, '2024-03-06', '21:41:00'),
(271, 18, 1, 2, '2024-03-19', '12:18:00'),
(272, 18, 1, 2, '2024-09-25', '20:10:00'),
(273, 18, 1, 2, '2024-12-03', '19:07:00'),
(274, 19, 2, 5, '2024-08-17', '19:39:00'),
(275, 19, 2, 5, '2024-09-11', '12:41:00'),
(276, 19, 2, 6, '2024-09-13', '20:14:00'),
(277, 19, 2, 4, '2024-12-31', '20:24:00'),
(278, 20, 2, 5, '2024-10-15', '19:36:00'),
(279, 20, 2, 4, '2024-10-30', '19:41:00'),
(280, 20, 2, 6, '2024-11-29', '21:50:00'),
(281, 20, 2, 5, '2024-12-10', '13:29:00'),
(282, 21, 1, 3, '2023-09-01', '20:53:00'),
(283, 21, 1, 1, '2023-09-16', '20:33:00'),
(284, 21, 1, 2, '2023-09-17', '19:23:00'),
(285, 21, 3, 8, '2023-09-23', '12:42:00'),
(286, 21, 1, 1, '2023-09-25', '21:24:00'),
(287, 21, 1, 2, '2023-10-01', '19:32:00'),
(288, 21, 1, 3, '2023-10-14', '21:49:00'),
(289, 21, 1, 1, '2023-11-16', '20:53:00'),
(290, 21, 1, 1, '2023-11-17', '19:52:00'),
(291, 21, 1, 2, '2023-11-29', '12:50:00'),
(292, 21, 1, 1, '2023-12-03', '19:20:00'),
(293, 21, 1, 3, '2023-12-08', '20:02:00'),
(294, 21, 1, 2, '2023-12-18', '21:24:00'),
(295, 21, 1, 1, '2023-12-25', '19:40:00'),
(296, 21, 1, 1, '2024-01-04', '20:35:00'),
(297, 21, 1, 2, '2024-01-27', '19:05:00'),
(298, 21, 1, 3, '2024-01-28', '19:41:00'),
(299, 21, 1, 3, '2024-02-10', '13:11:00'),
(300, 21, 1, 2, '2024-02-13', '13:37:00'),
(301, 21, 1, 3, '2024-02-15', '20:44:00'),
(302, 21, 1, 2, '2024-02-16', '19:00:00'),
(303, 21, 1, 1, '2024-03-08', '13:23:00'),
(304, 21, 1, 3, '2024-03-13', '20:11:00'),
(305, 21, 1, 1, '2024-03-15', '20:46:00'),
(306, 21, 1, 3, '2024-04-09', '12:16:00'),
(307, 21, 1, 3, '2024-04-11', '13:29:00'),
(308, 21, 1, 3, '2024-04-12', '21:39:00'),
(309, 21, 1, 3, '2024-04-16', '20:36:00'),
(310, 21, 1, 1, '2024-04-25', '13:42:00'),
(311, 21, 1, 1, '2024-05-19', '21:20:00'),
(312, 21, 1, 2, '2024-05-23', '19:11:00'),
(313, 21, 1, 1, '2024-05-27', '19:58:00'),
(314, 21, 1, 2, '2024-05-31', '19:08:00'),
(315, 21, 1, 2, '2024-06-15', '13:10:00'),
(316, 21, 1, 2, '2024-06-23', '19:30:00'),
(317, 21, 1, 3, '2024-06-24', '13:08:00'),
(318, 21, 1, 1, '2024-07-24', '13:59:00'),
(319, 21, 1, 2, '2024-07-27', '20:52:00'),
(320, 21, 1, 3, '2024-08-09', '21:11:00'),
(321, 21, 1, 2, '2024-08-26', '20:14:00'),
(322, 21, 1, 3, '2024-08-29', '19:09:00'),
(323, 21, 1, 3, '2024-08-31', '21:34:00'),
(324, 21, 3, 8, '2024-09-04', '20:33:00'),
(325, 21, 1, 3, '2024-09-21', '20:22:00'),
(326, 21, 1, 3, '2024-09-29', '13:56:00'),
(327, 21, 1, 2, '2024-10-04', '12:00:00'),
(328, 21, 1, 3, '2024-10-10', '20:16:00'),
(329, 21, 1, 3, '2024-10-25', '19:50:00'),
(330, 21, 1, 2, '2024-11-02', '19:45:00'),
(331, 21, 1, 3, '2024-11-04', '13:13:00'),
(332, 21, 1, 1, '2024-12-15', '19:40:00'),
(333, 21, 1, 2, '2024-12-21', '12:24:00'),
(334, 21, 1, 1, '2024-12-27', '20:28:00'),
(335, 22, 2, 4, '2024-11-24', '20:33:00'),
(336, 22, 2, 5, '2024-12-04', '20:22:00'),
(337, 22, 2, 5, '2024-12-06', '12:11:00'),
(338, 22, 2, 6, '2024-12-17', '19:16:00'),
(339, 22, 2, 6, '2024-12-30', '21:29:00'),
(340, 23, 2, 6, '2023-11-11', '20:15:00'),
(341, 23, 3, 8, '2023-12-15', '13:39:00'),
(342, 23, 3, 7, '2023-12-24', '21:31:00'),
(343, 23, 3, 8, '2024-02-06', '20:17:00'),
(344, 23, 3, 8, '2024-03-20', '20:03:00'),
(345, 23, 3, 8, '2024-05-05', '13:07:00'),
(346, 23, 3, 8, '2024-05-06', '20:20:00'),
(347, 23, 3, 7, '2024-08-26', '20:23:00'),
(348, 23, 3, 7, '2024-10-18', '13:11:00'),
(349, 23, 3, 7, '2024-11-23', '20:30:00'),
(350, 23, 3, 8, '2024-11-24', '20:34:00'),
(351, 23, 3, 8, '2024-12-14', '13:16:00'),
(352, 23, 3, 7, '2024-12-20', '19:26:00'),
(353, 24, 1, 1, '2023-09-23', '19:58:00'),
(354, 24, 1, 3, '2024-02-13', '13:17:00'),
(355, 24, 1, 2, '2024-04-07', '19:28:00'),
(356, 24, 1, 3, '2024-07-28', '13:47:00'),
(357, 24, 2, 5, '2024-10-01', '19:01:00'),
(358, 25, 2, 5, '2024-05-25', '19:58:00'),
(359, 25, 2, 6, '2024-06-20', '20:29:00'),
(360, 25, 2, 4, '2024-07-04', '19:34:00'),
(361, 25, 2, 5, '2024-11-23', '20:08:00'),
(362, 26, 2, 4, '2024-02-01', '21:11:00'),
(363, 26, 2, 4, '2024-03-09', '20:31:00'),
(364, 26, 2, 5, '2024-05-04', '13:06:00'),
(365, 26, 2, 5, '2024-05-30', '12:00:00'),
(366, 26, 2, 6, '2024-06-04', '21:29:00'),
(367, 26, 2, 5, '2024-06-16', '13:53:00'),
(368, 26, 1, 1, '2024-06-30', '19:49:00'),
(369, 26, 1, 3, '2024-08-09', '20:02:00'),
(370, 26, 2, 5, '2024-10-27', '12:40:00'),
(371, 26, 2, 4, '2024-11-11', '19:15:00'),
(372, 26, 2, 6, '2024-11-29', '21:48:00'),
(373, 26, 2, 5, '2024-12-07', '20:08:00'),
(374, 26, 2, 6, '2024-12-24', '21:28:00'),
(375, 27, 1, 3, '2024-12-01', '12:36:00'),
(376, 27, 1, 1, '2024-12-02', '20:00:00'),
(377, 27, 1, 2, '2024-12-03', '21:26:00'),
(378, 27, 1, 1, '2024-12-05', '13:33:00'),
(379, 27, 1, 3, '2024-12-07', '19:15:00'),
(380, 27, 1, 3, '2024-12-08', '20:22:00'),
(381, 27, 1, 3, '2024-12-09', '19:21:00'),
(382, 27, 1, 2, '2024-12-11', '19:20:00'),
(383, 27, 1, 3, '2024-12-12', '19:24:00'),
(384, 27, 3, 8, '2024-12-15', '12:08:00'),
(385, 27, 1, 2, '2024-12-18', '20:44:00'),
(386, 27, 1, 3, '2024-12-19', '12:23:00'),
(387, 27, 1, 1, '2024-12-21', '19:58:00'),
(388, 27, 1, 1, '2024-12-23', '20:36:00'),
(389, 27, 1, 2, '2024-12-24', '12:49:00'),
(390, 27, 1, 3, '2024-12-27', '21:14:00'),
(391, 27, 1, 3, '2024-12-28', '19:20:00'),
(392, 28, 3, 8, '2024-11-12', '20:10:00'),
(393, 28, 3, 7, '2024-11-13', '13:23:00'),
(394, 28, 3, 7, '2024-11-16', '13:21:00'),
(395, 28, 3, 8, '2024-11-28', '19:13:00'),
(396, 28, 3, 7, '2024-11-29', '21:33:00'),
(397, 28, 3, 8, '2024-12-01', '20:03:00'),
(398, 28, 3, 7, '2024-12-03', '20:55:00'),
(399, 28, 3, 8, '2024-12-05', '21:06:00'),
(400, 28, 3, 7, '2024-12-08', '21:01:00'),
(401, 28, 3, 8, '2024-12-09', '20:01:00'),
(402, 28, 2, 5, '2024-12-10', '21:40:00'),
(403, 28, 3, 7, '2024-12-11', '20:33:00'),
(404, 28, 3, 7, '2024-12-13', '19:08:00'),
(405, 28, 3, 7, '2024-12-14', '20:57:00'),
(406, 28, 3, 7, '2024-12-20', '20:46:00'),
(407, 28, 3, 8, '2024-12-26', '21:26:00'),
(408, 29, 3, 8, '2024-10-27', '21:27:00'),
(409, 29, 3, 7, '2024-11-03', '20:45:00'),
(410, 29, 3, 7, '2024-11-12', '19:47:00'),
(411, 29, 3, 8, '2024-11-18', '21:49:00'),
(412, 29, 3, 8, '2024-11-19', '12:53:00'),
(413, 29, 3, 7, '2024-11-23', '21:44:00'),
(414, 29, 3, 8, '2024-11-24', '21:56:00'),
(415, 29, 1, 1, '2024-11-29', '20:07:00'),
(416, 29, 3, 7, '2024-11-30', '20:46:00'),
(417, 29, 3, 7, '2024-12-10', '20:09:00'),
(418, 29, 3, 7, '2024-12-12', '13:57:00'),
(419, 29, 3, 8, '2024-12-14', '13:37:00'),
(420, 29, 3, 7, '2024-12-17', '13:40:00'),
(421, 29, 3, 8, '2024-12-21', '12:02:00'),
(422, 29, 3, 8, '2024-12-26', '13:43:00'),
(423, 29, 3, 7, '2024-12-27', '20:59:00'),
(424, 30, 1, 1, '2024-03-08', '20:39:00'),
(425, 30, 1, 3, '2024-05-20', '12:46:00'),
(426, 30, 1, 2, '2024-06-29', '20:39:00'),
(427, 30, 1, 2, '2024-10-14', '20:45:00'),
(428, 31, 2, 6, '2024-03-01', '20:07:00'),
(429, 31, 2, 4, '2024-05-25', '12:11:00'),
(430, 31, 2, 6, '2024-06-16', '19:02:00'),
(431, 31, 2, 5, '2024-07-13', '19:21:00'),
(432, 32, 1, 2, '2024-08-14', '20:55:00'),
(433, 32, 1, 2, '2024-09-14', '19:53:00'),
(434, 32, 1, 1, '2024-09-18', '12:12:00'),
(435, 32, 1, 3, '2024-09-29', '19:55:00'),
(436, 32, 1, 3, '2024-11-05', '21:33:00'),
(437, 33, 3, 8, '2023-12-24', '19:05:00'),
(438, 33, 3, 8, '2024-01-05', '19:22:00'),
(439, 33, 3, 8, '2024-01-07', '19:59:00'),
(440, 33, 3, 7, '2024-01-18', '20:30:00'),
(441, 33, 3, 7, '2024-01-26', '19:01:00'),
(442, 33, 3, 7, '2024-02-03', '20:08:00'),
(443, 33, 3, 8, '2024-03-20', '19:25:00'),
(444, 33, 2, 6, '2024-03-29', '12:13:00'),
(445, 33, 3, 8, '2024-04-29', '20:04:00'),
(446, 33, 3, 8, '2024-04-30', '21:11:00'),
(447, 33, 3, 7, '2024-05-01', '20:48:00'),
(448, 33, 3, 8, '2024-06-03', '20:20:00'),
(449, 33, 3, 7, '2024-06-09', '21:05:00'),
(450, 33, 3, 7, '2024-08-10', '21:03:00'),
(451, 33, 3, 8, '2024-09-10', '20:25:00'),
(452, 33, 3, 8, '2024-10-01', '12:35:00'),
(453, 33, 3, 8, '2024-10-26', '20:09:00'),
(454, 33, 3, 8, '2024-12-07', '21:44:00'),
(455, 34, 1, 3, '2023-10-05', '12:30:00'),
(456, 34, 1, 2, '2023-11-18', '19:54:00'),
(457, 34, 1, 1, '2024-08-28', '20:42:00'),
(458, 34, 1, 2, '2024-10-27', '20:30:00'),
(459, 35, 2, 6, '2023-10-21', '20:03:00'),
(460, 35, 2, 5, '2023-10-22', '21:08:00'),
(461, 35, 2, 5, '2023-11-06', '13:18:00'),
(462, 35, 2, 5, '2023-12-08', '20:42:00'),
(463, 35, 2, 5, '2023-12-22', '19:03:00'),
(464, 35, 2, 5, '2023-12-29', '12:49:00'),
(465, 35, 2, 4, '2024-01-09', '13:02:00'),
(466, 35, 2, 6, '2024-01-16', '21:09:00'),
(467, 35, 2, 6, '2024-01-23', '19:00:00'),
(468, 35, 2, 4, '2024-01-31', '20:34:00'),
(469, 35, 2, 5, '2024-02-26', '20:59:00'),
(470, 35, 2, 5, '2024-03-09', '21:05:00'),
(471, 35, 2, 4, '2024-04-04', '13:35:00'),
(472, 35, 2, 4, '2024-04-12', '20:08:00'),
(473, 35, 2, 6, '2024-05-13', '19:50:00'),
(474, 35, 1, 2, '2024-06-08', '12:03:00'),
(475, 35, 3, 7, '2024-06-14', '12:37:00'),
(476, 35, 2, 4, '2024-06-15', '20:08:00'),
(477, 35, 2, 4, '2024-06-20', '12:39:00'),
(478, 35, 2, 6, '2024-06-30', '19:51:00'),
(479, 35, 2, 4, '2024-07-12', '21:50:00'),
(480, 35, 2, 5, '2024-07-13', '19:10:00'),
(481, 35, 2, 5, '2024-07-14', '21:39:00'),
(482, 35, 2, 6, '2024-08-04', '21:26:00'),
(483, 35, 2, 4, '2024-08-16', '13:44:00'),
(484, 35, 2, 4, '2024-08-20', '19:26:00'),
(485, 35, 2, 6, '2024-08-30', '21:34:00'),
(486, 35, 2, 4, '2024-09-08', '13:50:00'),
(487, 35, 2, 4, '2024-09-13', '20:18:00'),
(488, 35, 2, 6, '2024-09-15', '20:59:00'),
(489, 35, 2, 5, '2024-09-17', '21:46:00'),
(490, 35, 2, 4, '2024-09-27', '20:20:00'),
(491, 35, 2, 5, '2024-09-29', '21:04:00'),
(492, 35, 2, 5, '2024-11-02', '19:08:00'),
(493, 35, 2, 5, '2024-11-20', '20:03:00'),
(494, 35, 2, 5, '2024-11-27', '19:56:00'),
(495, 35, 2, 6, '2024-11-29', '13:26:00'),
(496, 35, 2, 4, '2024-12-02', '19:55:00'),
(497, 35, 2, 6, '2024-12-08', '20:09:00'),
(498, 35, 2, 6, '2024-12-09', '19:51:00'),
(499, 35, 2, 5, '2024-12-14', '13:22:00'),
(500, 35, 2, 6, '2024-12-20', '13:29:00');

INSERT INTO orders (order_id, customer_id, store_id, staff_id, order_date, order_time) VALUES
(501, 35, 2, 5, '2024-12-21', '13:55:00'),
(502, 36, 3, 8, '2024-09-06', '21:32:00'),
(503, 36, 3, 7, '2024-10-25', '20:35:00'),
(504, 36, 3, 7, '2024-10-31', '19:48:00'),
(505, 36, 3, 8, '2024-11-10', '19:28:00'),
(506, 37, 2, 4, '2024-11-20', '19:40:00'),
(507, 37, 2, 6, '2024-11-25', '19:28:00'),
(508, 37, 2, 5, '2024-12-03', '21:41:00'),
(509, 37, 2, 6, '2024-12-14', '20:53:00'),
(510, 37, 2, 5, '2024-12-15', '13:30:00'),
(511, 38, 1, 1, '2024-11-03', '19:58:00'),
(512, 38, 1, 3, '2024-11-04', '20:35:00'),
(513, 38, 1, 1, '2024-11-05', '19:58:00'),
(514, 38, 1, 1, '2024-11-07', '19:23:00'),
(515, 38, 1, 1, '2024-11-08', '12:44:00'),
(516, 38, 1, 1, '2024-11-10', '20:07:00'),
(517, 38, 1, 3, '2024-11-12', '12:50:00'),
(518, 38, 1, 1, '2024-11-13', '20:48:00'),
(519, 38, 1, 3, '2024-11-14', '21:17:00'),
(520, 38, 1, 3, '2024-11-15', '20:32:00'),
(521, 38, 1, 1, '2024-11-17', '20:18:00'),
(522, 38, 1, 2, '2024-11-18', '20:11:00'),
(523, 38, 1, 1, '2024-11-20', '19:26:00'),
(524, 38, 1, 1, '2024-11-21', '20:02:00'),
(525, 38, 1, 2, '2024-11-23', '20:43:00'),
(526, 38, 1, 2, '2024-11-24', '13:04:00'),
(527, 38, 1, 3, '2024-11-25', '19:44:00'),
(528, 38, 1, 2, '2024-11-26', '21:46:00'),
(529, 38, 1, 3, '2024-11-27', '20:51:00'),
(530, 38, 1, 3, '2024-11-29', '19:14:00'),
(531, 38, 1, 1, '2024-11-30', '19:39:00'),
(532, 38, 1, 3, '2024-12-01', '13:21:00'),
(533, 38, 1, 2, '2024-12-04', '21:28:00'),
(534, 38, 1, 1, '2024-12-05', '19:45:00'),
(535, 38, 1, 3, '2024-12-06', '20:42:00'),
(536, 38, 1, 3, '2024-12-07', '19:31:00'),
(537, 38, 1, 3, '2024-12-08', '20:01:00'),
(538, 38, 2, 4, '2024-12-09', '19:42:00'),
(539, 38, 1, 2, '2024-12-10', '20:55:00'),
(540, 38, 1, 2, '2024-12-11', '19:55:00'),
(541, 38, 1, 2, '2024-12-18', '19:36:00'),
(542, 38, 1, 2, '2024-12-19', '20:21:00'),
(543, 38, 1, 1, '2024-12-20', '19:54:00'),
(544, 38, 1, 3, '2024-12-21', '20:05:00'),
(545, 38, 1, 3, '2024-12-22', '19:04:00'),
(546, 38, 1, 3, '2024-12-23', '19:42:00'),
(547, 38, 1, 1, '2024-12-24', '13:31:00'),
(548, 38, 1, 2, '2024-12-25', '21:58:00'),
(549, 38, 1, 2, '2024-12-26', '21:26:00'),
(550, 38, 1, 2, '2024-12-27', '20:15:00'),
(551, 38, 1, 2, '2024-12-29', '21:29:00'),
(552, 38, 1, 2, '2024-12-30', '12:16:00'),
(553, 38, 1, 1, '2024-12-31', '12:55:00'),
(554, 39, 2, 6, '2023-11-10', '21:20:00'),
(555, 39, 2, 5, '2023-11-28', '19:23:00'),
(556, 39, 2, 6, '2023-12-13', '20:03:00'),
(557, 39, 2, 6, '2023-12-23', '21:07:00'),
(558, 39, 2, 4, '2024-01-10', '12:52:00'),
(559, 39, 2, 6, '2024-02-01', '21:49:00'),
(560, 39, 2, 5, '2024-02-10', '20:59:00'),
(561, 39, 2, 6, '2024-02-18', '20:52:00'),
(562, 39, 2, 4, '2024-03-01', '19:41:00'),
(563, 39, 2, 4, '2024-03-21', '12:10:00'),
(564, 39, 2, 6, '2024-09-20', '19:30:00'),
(565, 39, 2, 4, '2024-12-15', '20:12:00'),
(566, 40, 1, 1, '2024-08-12', '19:04:00'),
(567, 40, 1, 2, '2024-08-18', '20:06:00'),
(568, 40, 1, 2, '2024-08-21', '19:40:00'),
(569, 40, 2, 6, '2024-08-22', '21:46:00'),
(570, 40, 1, 1, '2024-09-03', '20:47:00'),
(571, 40, 1, 1, '2024-09-08', '20:25:00'),
(572, 40, 1, 3, '2024-09-09', '13:48:00'),
(573, 40, 1, 3, '2024-09-10', '21:19:00'),
(574, 40, 1, 2, '2024-09-12', '19:24:00'),
(575, 40, 1, 1, '2024-09-17', '21:39:00'),
(576, 40, 1, 3, '2024-09-18', '13:43:00'),
(577, 40, 1, 2, '2024-09-23', '12:29:00'),
(578, 40, 3, 7, '2024-09-26', '21:53:00'),
(579, 40, 1, 2, '2024-09-28', '12:27:00'),
(580, 40, 1, 1, '2024-10-02', '19:37:00'),
(581, 40, 1, 2, '2024-10-04', '21:19:00'),
(582, 40, 1, 1, '2024-10-05', '21:51:00'),
(583, 40, 1, 2, '2024-10-15', '21:06:00'),
(584, 40, 1, 3, '2024-10-16', '20:55:00'),
(585, 40, 1, 1, '2024-10-17', '12:12:00'),
(586, 40, 1, 3, '2024-10-18', '20:50:00'),
(587, 40, 1, 1, '2024-10-19', '19:07:00'),
(588, 40, 1, 2, '2024-10-22', '20:53:00'),
(589, 40, 1, 2, '2024-11-13', '19:26:00'),
(590, 40, 1, 3, '2024-11-17', '19:46:00'),
(591, 40, 1, 2, '2024-11-23', '21:07:00'),
(592, 40, 1, 2, '2024-11-28', '20:30:00'),
(593, 40, 3, 8, '2024-11-29', '20:08:00'),
(594, 40, 1, 1, '2024-11-30', '20:51:00'),
(595, 40, 1, 2, '2024-12-01', '20:06:00'),
(596, 40, 1, 3, '2024-12-06', '13:55:00'),
(597, 40, 1, 1, '2024-12-07', '13:35:00'),
(598, 40, 1, 3, '2024-12-08', '21:54:00'),
(599, 40, 1, 1, '2024-12-09', '21:07:00'),
(600, 40, 1, 3, '2024-12-13', '21:10:00'),
(601, 40, 1, 3, '2024-12-14', '21:09:00'),
(602, 40, 1, 2, '2024-12-15', '20:15:00'),
(603, 40, 1, 2, '2024-12-23', '20:26:00'),
(604, 40, 1, 2, '2024-12-31', '12:27:00'),
(605, 41, 1, 1, '2024-09-14', '21:39:00'),
(606, 41, 1, 2, '2024-09-25', '20:44:00'),
(607, 41, 1, 1, '2024-10-11', '20:56:00'),
(608, 41, 1, 1, '2024-12-25', '19:40:00'),
(609, 41, 1, 2, '2024-12-29', '20:46:00'),
(610, 42, 2, 5, '2024-02-29', '13:49:00'),
(611, 42, 2, 4, '2024-06-25', '21:30:00'),
(612, 42, 2, 6, '2024-07-02', '19:16:00'),
(613, 42, 2, 4, '2024-07-21', '19:10:00'),
(614, 42, 2, 5, '2024-07-28', '12:13:00'),
(615, 42, 3, 7, '2024-09-07', '21:07:00'),
(616, 42, 2, 5, '2024-12-20', '19:18:00'),
(617, 43, 2, 6, '2023-06-30', '20:12:00'),
(618, 43, 2, 6, '2023-07-20', '12:42:00'),
(619, 43, 2, 6, '2023-09-03', '21:53:00'),
(620, 43, 2, 5, '2023-11-04', '21:21:00'),
(621, 43, 2, 4, '2024-01-11', '13:07:00'),
(622, 43, 2, 4, '2024-04-16', '21:43:00'),
(623, 43, 2, 5, '2024-04-17', '13:06:00'),
(624, 43, 1, 3, '2024-05-03', '12:15:00'),
(625, 43, 2, 6, '2024-07-13', '12:29:00'),
(626, 43, 2, 6, '2024-07-28', '13:37:00'),
(627, 43, 2, 4, '2024-08-31', '20:28:00'),
(628, 43, 2, 6, '2024-09-07', '19:58:00'),
(629, 43, 2, 5, '2024-10-17', '13:03:00'),
(630, 43, 2, 4, '2024-11-02', '19:40:00'),
(631, 43, 2, 6, '2024-12-16', '19:25:00'),
(632, 44, 2, 6, '2023-11-19', '20:01:00'),
(633, 44, 2, 5, '2024-03-12', '12:11:00'),
(634, 44, 2, 6, '2024-07-24', '20:04:00'),
(635, 45, 2, 4, '2024-06-20', '21:00:00'),
(636, 46, 3, 8, '2024-03-27', '21:08:00'),
(637, 46, 3, 8, '2024-04-04', '12:19:00'),
(638, 46, 3, 8, '2024-04-08', '12:19:00'),
(639, 46, 3, 7, '2024-04-09', '12:15:00'),
(640, 46, 3, 8, '2024-04-13', '13:30:00'),
(641, 46, 3, 8, '2024-04-19', '19:06:00'),
(642, 46, 3, 8, '2024-04-25', '13:30:00'),
(643, 46, 3, 7, '2024-04-28', '12:07:00'),
(644, 46, 2, 4, '2024-05-04', '12:01:00'),
(645, 46, 3, 7, '2024-05-10', '13:54:00'),
(646, 46, 3, 7, '2024-05-12', '12:53:00'),
(647, 46, 3, 7, '2024-05-16', '21:42:00'),
(648, 46, 3, 8, '2024-05-26', '19:38:00'),
(649, 46, 3, 8, '2024-06-19', '13:08:00'),
(650, 46, 3, 8, '2024-06-29', '20:10:00'),
(651, 46, 3, 8, '2024-07-07', '20:45:00'),
(652, 46, 3, 7, '2024-07-13', '13:57:00'),
(653, 46, 3, 8, '2024-07-14', '13:53:00'),
(654, 46, 3, 7, '2024-07-26', '19:22:00'),
(655, 46, 3, 8, '2024-07-27', '19:51:00'),
(656, 46, 3, 8, '2024-08-09', '13:04:00'),
(657, 46, 3, 7, '2024-08-11', '12:23:00'),
(658, 46, 3, 8, '2024-08-24', '20:54:00'),
(659, 46, 3, 8, '2024-08-30', '20:58:00'),
(660, 46, 3, 7, '2024-09-03', '21:25:00'),
(661, 46, 3, 8, '2024-09-06', '13:14:00'),
(662, 46, 3, 8, '2024-09-21', '20:44:00'),
(663, 46, 3, 7, '2024-09-23', '12:55:00'),
(664, 46, 3, 7, '2024-10-10', '21:21:00'),
(665, 46, 3, 7, '2024-10-13', '20:36:00'),
(666, 46, 3, 8, '2024-10-16', '21:13:00'),
(667, 46, 3, 8, '2024-10-18', '20:28:00'),
(668, 46, 3, 8, '2024-10-23', '21:38:00'),
(669, 46, 2, 6, '2024-10-26', '13:18:00'),
(670, 46, 3, 7, '2024-10-29', '21:25:00'),
(671, 46, 3, 8, '2024-11-01', '19:52:00'),
(672, 46, 3, 8, '2024-11-03', '19:43:00'),
(673, 46, 3, 7, '2024-11-09', '21:38:00'),
(674, 46, 3, 8, '2024-11-29', '13:56:00'),
(675, 46, 3, 7, '2024-12-12', '21:54:00'),
(676, 46, 1, 2, '2024-12-13', '20:06:00'),
(677, 46, 3, 7, '2024-12-19', '19:42:00'),
(678, 47, 1, 3, '2024-04-06', '20:43:00'),
(679, 47, 1, 1, '2024-05-07', '12:58:00'),
(680, 47, 1, 1, '2024-07-28', '12:42:00'),
(681, 47, 1, 1, '2024-08-19', '21:38:00'),
(682, 47, 1, 1, '2024-10-29', '12:48:00'),
(683, 48, 3, 7, '2024-09-21', '21:51:00'),
(684, 49, 1, 3, '2024-08-04', '19:24:00'),
(685, 49, 1, 3, '2024-08-06', '13:00:00'),
(686, 49, 1, 2, '2024-08-07', '20:24:00'),
(687, 49, 1, 2, '2024-08-13', '21:07:00'),
(688, 49, 1, 3, '2024-08-14', '19:03:00'),
(689, 49, 1, 1, '2024-08-19', '20:43:00'),
(690, 49, 1, 3, '2024-08-23', '13:38:00'),
(691, 49, 3, 8, '2024-08-24', '21:56:00'),
(692, 49, 1, 2, '2024-08-30', '21:42:00'),
(693, 49, 1, 2, '2024-09-03', '12:36:00'),
(694, 49, 1, 3, '2024-09-04', '12:49:00'),
(695, 49, 1, 1, '2024-09-06', '13:08:00'),
(696, 49, 1, 1, '2024-09-11', '12:11:00'),
(697, 49, 1, 1, '2024-09-14', '21:10:00'),
(698, 49, 1, 2, '2024-09-16', '12:15:00'),
(699, 49, 1, 1, '2024-09-18', '20:02:00'),
(700, 49, 1, 2, '2024-09-20', '21:17:00'),
(701, 49, 1, 1, '2024-09-21', '21:52:00'),
(702, 49, 1, 1, '2024-09-22', '19:53:00'),
(703, 49, 1, 1, '2024-09-23', '20:52:00'),
(704, 49, 1, 2, '2024-09-24', '13:40:00'),
(705, 49, 3, 7, '2024-09-26', '19:28:00'),
(706, 49, 2, 6, '2024-09-27', '21:54:00'),
(707, 49, 1, 3, '2024-09-28', '20:45:00'),
(708, 49, 1, 2, '2024-10-01', '20:35:00'),
(709, 49, 1, 1, '2024-10-03', '19:15:00'),
(710, 49, 1, 1, '2024-10-05', '21:01:00'),
(711, 49, 1, 3, '2024-10-13', '12:08:00'),
(712, 49, 1, 3, '2024-10-18', '20:59:00'),
(713, 49, 1, 3, '2024-10-19', '20:24:00'),
(714, 49, 1, 2, '2024-10-24', '12:05:00'),
(715, 49, 1, 1, '2024-10-26', '19:47:00'),
(716, 49, 1, 2, '2024-11-03', '21:20:00'),
(717, 49, 1, 2, '2024-11-05', '19:52:00'),
(718, 49, 1, 3, '2024-11-06', '21:02:00'),
(719, 49, 1, 3, '2024-11-08', '21:45:00'),
(720, 49, 1, 3, '2024-11-10', '21:09:00'),
(721, 49, 1, 1, '2024-11-17', '20:59:00'),
(722, 49, 3, 8, '2024-11-19', '19:27:00'),
(723, 49, 1, 3, '2024-11-20', '12:20:00'),
(724, 49, 1, 1, '2024-11-24', '21:13:00'),
(725, 49, 1, 2, '2024-11-28', '21:24:00'),
(726, 49, 1, 3, '2024-11-30', '12:32:00'),
(727, 49, 1, 1, '2024-12-04', '19:02:00'),
(728, 49, 1, 2, '2024-12-06', '13:47:00'),
(729, 49, 1, 1, '2024-12-19', '20:23:00'),
(730, 49, 1, 1, '2024-12-21', '21:14:00'),
(731, 49, 1, 3, '2024-12-26', '13:30:00'),
(732, 49, 1, 1, '2024-12-30', '21:34:00'),
(733, 50, 2, 5, '2023-05-12', '21:26:00'),
(734, 50, 2, 5, '2023-06-16', '20:35:00'),
(735, 50, 2, 6, '2023-06-26', '20:34:00'),
(736, 50, 3, 8, '2023-07-16', '12:27:00'),
(737, 50, 3, 8, '2023-07-23', '20:02:00'),
(738, 50, 2, 4, '2023-08-05', '19:23:00'),
(739, 50, 2, 5, '2023-08-20', '20:07:00'),
(740, 50, 2, 4, '2023-08-27', '20:25:00'),
(741, 50, 2, 5, '2023-09-09', '12:29:00'),
(742, 50, 2, 4, '2023-09-14', '13:22:00'),
(743, 50, 2, 4, '2023-09-15', '21:26:00'),
(744, 50, 2, 5, '2023-09-16', '13:51:00'),
(745, 50, 2, 5, '2023-09-18', '12:47:00'),
(746, 50, 2, 5, '2023-09-19', '12:25:00'),
(747, 50, 2, 6, '2023-10-05', '12:31:00'),
(748, 50, 2, 6, '2023-10-24', '19:59:00'),
(749, 50, 2, 4, '2023-10-26', '12:43:00'),
(750, 50, 2, 5, '2023-11-02', '12:30:00'),
(751, 50, 2, 4, '2023-11-03', '13:32:00'),
(752, 50, 1, 1, '2023-11-12', '20:27:00'),
(753, 50, 2, 4, '2023-11-15', '20:09:00'),
(754, 50, 1, 1, '2023-11-20', '19:39:00'),
(755, 50, 2, 4, '2023-11-25', '20:14:00'),
(756, 50, 2, 5, '2023-12-25', '12:07:00'),
(757, 50, 2, 6, '2023-12-29', '12:42:00'),
(758, 50, 1, 2, '2024-01-01', '19:16:00'),
(759, 50, 2, 5, '2024-01-20', '21:21:00'),
(760, 50, 2, 4, '2024-01-28', '13:24:00'),
(761, 50, 2, 5, '2024-02-15', '13:45:00'),
(762, 50, 2, 4, '2024-02-24', '20:02:00'),
(763, 50, 2, 6, '2024-03-07', '20:54:00'),
(764, 50, 2, 4, '2024-03-20', '20:44:00'),
(765, 50, 1, 2, '2024-03-30', '20:25:00'),
(766, 50, 2, 6, '2024-04-13', '20:25:00'),
(767, 50, 2, 6, '2024-05-03', '20:00:00'),
(768, 50, 2, 4, '2024-05-13', '13:07:00'),
(769, 50, 2, 5, '2024-05-18', '12:56:00'),
(770, 50, 2, 5, '2024-05-25', '20:23:00'),
(771, 50, 2, 6, '2024-06-13', '12:57:00'),
(772, 50, 2, 5, '2024-06-27', '19:46:00'),
(773, 50, 3, 8, '2024-07-13', '12:47:00'),
(774, 50, 2, 4, '2024-07-14', '21:25:00'),
(775, 50, 2, 4, '2024-07-17', '13:11:00'),
(776, 50, 2, 4, '2024-07-20', '13:19:00'),
(777, 50, 2, 4, '2024-07-23', '20:25:00'),
(778, 50, 2, 6, '2024-07-29', '21:48:00'),
(779, 50, 1, 2, '2024-08-09', '19:52:00'),
(780, 50, 2, 4, '2024-08-11', '19:09:00'),
(781, 50, 2, 4, '2024-09-24', '12:02:00'),
(782, 50, 2, 5, '2024-10-07', '13:14:00'),
(783, 50, 2, 4, '2024-10-15', '20:45:00'),
(784, 50, 2, 5, '2024-10-18', '20:07:00'),
(785, 50, 2, 6, '2024-11-06', '19:57:00'),
(786, 50, 3, 7, '2024-11-23', '19:16:00'),
(787, 50, 2, 4, '2024-11-27', '19:04:00'),
(788, 50, 2, 5, '2024-12-13', '20:22:00'),
(789, 50, 2, 4, '2024-12-20', '21:58:00'),
(790, 50, 2, 6, '2024-12-30', '13:05:00'),
(791, 51, 3, 7, '2023-10-16', '20:30:00'),
(792, 51, 3, 8, '2023-11-28', '12:53:00'),
(793, 51, 3, 8, '2023-12-25', '19:19:00'),
(794, 51, 3, 7, '2024-04-22', '13:56:00'),
(795, 51, 3, 8, '2024-05-17', '21:29:00'),
(796, 51, 3, 7, '2024-07-26', '21:08:00'),
(797, 51, 3, 8, '2024-10-05', '21:52:00'),
(798, 51, 3, 7, '2024-10-31', '19:27:00'),
(799, 51, 3, 7, '2024-12-11', '21:01:00'),
(800, 51, 3, 8, '2024-12-23', '12:58:00'),
(801, 52, 1, 2, '2024-03-27', '12:50:00'),
(802, 53, 1, 1, '2024-05-02', '20:28:00'),
(803, 53, 1, 3, '2024-05-31', '21:49:00'),
(804, 53, 1, 1, '2024-07-16', '21:06:00'),
(805, 53, 1, 2, '2024-08-29', '19:29:00'),
(806, 53, 1, 1, '2024-10-19', '19:05:00'),
(807, 53, 1, 2, '2024-10-26', '13:56:00'),
(808, 53, 1, 3, '2024-10-29', '13:26:00'),
(809, 53, 1, 2, '2024-11-01', '19:28:00'),
(810, 53, 1, 1, '2024-11-12', '20:09:00'),
(811, 53, 1, 2, '2024-11-15', '13:55:00'),
(812, 53, 1, 3, '2024-12-30', '12:11:00'),
(813, 54, 2, 5, '2023-10-19', '19:48:00'),
(814, 54, 2, 6, '2023-11-15', '20:10:00'),
(815, 54, 2, 4, '2023-11-21', '20:59:00'),
(816, 54, 2, 4, '2023-12-24', '19:51:00'),
(817, 54, 2, 4, '2023-12-25', '13:30:00'),
(818, 54, 2, 4, '2024-01-09', '19:23:00'),
(819, 54, 2, 4, '2024-01-13', '19:15:00'),
(820, 54, 2, 5, '2024-01-15', '20:20:00'),
(821, 54, 2, 6, '2024-01-20', '21:12:00'),
(822, 54, 2, 5, '2024-01-28', '20:25:00'),
(823, 54, 2, 5, '2024-02-26', '20:50:00'),
(824, 54, 2, 6, '2024-03-01', '12:49:00'),
(825, 54, 1, 3, '2024-03-16', '20:01:00'),
(826, 54, 2, 4, '2024-03-21', '21:19:00'),
(827, 54, 2, 4, '2024-03-27', '21:40:00'),
(828, 54, 2, 4, '2024-04-06', '12:16:00'),
(829, 54, 1, 1, '2024-04-08', '19:31:00'),
(830, 54, 2, 5, '2024-05-12', '19:58:00'),
(831, 54, 2, 5, '2024-05-17', '12:21:00'),
(832, 54, 2, 6, '2024-05-18', '21:12:00'),
(833, 54, 2, 4, '2024-05-21', '13:23:00'),
(834, 54, 2, 5, '2024-05-31', '19:05:00'),
(835, 54, 2, 4, '2024-06-07', '21:59:00'),
(836, 54, 2, 4, '2024-06-15', '13:25:00'),
(837, 54, 2, 5, '2024-06-22', '19:28:00'),
(838, 54, 2, 6, '2024-07-16', '20:23:00'),
(839, 54, 2, 5, '2024-08-02', '21:33:00'),
(840, 54, 2, 6, '2024-08-13', '13:13:00'),
(841, 54, 2, 6, '2024-09-16', '19:29:00'),
(842, 54, 2, 6, '2024-09-20', '13:38:00'),
(843, 54, 2, 4, '2024-09-29', '19:20:00'),
(844, 54, 2, 4, '2024-10-09', '12:28:00'),
(845, 54, 2, 4, '2024-10-20', '20:36:00'),
(846, 54, 2, 4, '2024-10-24', '12:30:00'),
(847, 54, 2, 5, '2024-10-25', '19:03:00'),
(848, 54, 2, 5, '2024-10-30', '21:53:00'),
(849, 54, 2, 4, '2024-11-02', '13:05:00'),
(850, 54, 2, 4, '2024-11-10', '13:50:00'),
(851, 54, 2, 5, '2024-11-27', '20:51:00'),
(852, 54, 2, 4, '2024-12-05', '12:20:00'),
(853, 54, 2, 5, '2024-12-22', '19:17:00'),
(854, 54, 2, 6, '2024-12-28', '21:42:00'),
(855, 55, 1, 1, '2023-10-28', '20:15:00'),
(856, 55, 1, 2, '2023-10-31', '20:22:00'),
(857, 55, 1, 2, '2024-02-22', '12:17:00'),
(858, 55, 1, 1, '2024-02-25', '13:25:00'),
(859, 55, 1, 1, '2024-04-25', '20:07:00'),
(860, 55, 1, 1, '2024-05-25', '19:17:00'),
(861, 55, 1, 1, '2024-08-13', '19:10:00'),
(862, 55, 1, 3, '2024-08-28', '12:11:00'),
(863, 55, 1, 2, '2024-12-22', '13:21:00'),
(864, 56, 2, 4, '2024-10-17', '13:09:00'),
(865, 56, 2, 5, '2024-10-18', '19:34:00'),
(866, 56, 2, 6, '2024-11-22', '19:33:00'),
(867, 56, 2, 6, '2024-12-15', '19:14:00'),
(868, 57, 3, 8, '2024-09-21', '20:57:00'),
(869, 58, 1, 1, '2023-06-20', '19:53:00'),
(870, 58, 1, 2, '2023-06-26', '19:06:00'),
(871, 58, 1, 1, '2023-06-28', '19:45:00'),
(872, 58, 1, 1, '2023-07-22', '21:40:00'),
(873, 58, 2, 4, '2023-07-31', '20:12:00'),
(874, 58, 1, 1, '2023-09-10', '12:13:00'),
(875, 58, 1, 1, '2023-10-23', '19:11:00'),
(876, 58, 1, 1, '2023-10-24', '20:11:00'),
(877, 58, 1, 3, '2023-11-08', '13:06:00'),
(878, 58, 1, 1, '2023-11-10', '19:27:00'),
(879, 58, 1, 3, '2023-11-17', '20:02:00'),
(880, 58, 1, 3, '2023-11-20', '12:56:00'),
(881, 58, 1, 3, '2023-11-25', '19:45:00'),
(882, 58, 1, 1, '2023-12-03', '19:45:00'),
(883, 58, 1, 2, '2023-12-14', '21:41:00'),
(884, 58, 3, 8, '2024-01-07', '19:08:00'),
(885, 58, 1, 1, '2024-01-10', '12:46:00'),
(886, 58, 2, 6, '2024-03-23', '19:14:00'),
(887, 58, 1, 3, '2024-04-05', '12:54:00'),
(888, 58, 1, 1, '2024-04-10', '21:20:00'),
(889, 58, 1, 3, '2024-04-11', '13:28:00'),
(890, 58, 1, 1, '2024-04-15', '19:50:00'),
(891, 58, 1, 1, '2024-04-16', '13:51:00'),
(892, 58, 1, 3, '2024-04-19', '21:41:00'),
(893, 58, 1, 1, '2024-04-23', '21:54:00'),
(894, 58, 1, 1, '2024-04-24', '12:31:00'),
(895, 58, 1, 2, '2024-04-28', '21:59:00'),
(896, 58, 1, 3, '2024-05-05', '19:15:00'),
(897, 58, 3, 8, '2024-06-09', '12:21:00'),
(898, 58, 1, 3, '2024-06-14', '13:52:00'),
(899, 58, 1, 3, '2024-06-17', '19:51:00'),
(900, 58, 1, 2, '2024-06-20', '12:35:00'),
(901, 58, 1, 1, '2024-07-19', '21:14:00'),
(902, 58, 1, 3, '2024-07-26', '20:27:00'),
(903, 58, 2, 5, '2024-08-13', '19:21:00'),
(904, 58, 1, 1, '2024-08-19', '20:36:00'),
(905, 58, 1, 1, '2024-08-24', '21:18:00'),
(906, 58, 1, 3, '2024-08-30', '19:31:00'),
(907, 58, 1, 3, '2024-09-09', '20:55:00'),
(908, 58, 1, 2, '2024-09-27', '12:22:00'),
(909, 58, 1, 2, '2024-10-04', '21:14:00'),
(910, 58, 1, 2, '2024-11-15', '21:44:00'),
(911, 58, 1, 1, '2024-11-25', '20:19:00'),
(912, 58, 1, 1, '2024-12-10', '19:28:00'),
(913, 59, 1, 3, '2023-07-14', '13:16:00'),
(914, 59, 1, 2, '2023-08-26', '19:01:00'),
(915, 59, 1, 2, '2024-02-27', '21:13:00'),
(916, 59, 1, 2, '2024-03-10', '19:04:00'),
(917, 59, 1, 1, '2024-03-23', '13:11:00'),
(918, 59, 1, 3, '2024-04-04', '20:02:00'),
(919, 59, 1, 3, '2024-04-26', '21:34:00'),
(920, 59, 1, 1, '2024-05-06', '19:32:00'),
(921, 59, 1, 3, '2024-07-23', '20:04:00'),
(922, 59, 1, 3, '2024-08-06', '21:57:00'),
(923, 59, 1, 1, '2024-09-15', '13:37:00'),
(924, 59, 1, 3, '2024-12-11', '20:32:00'),
(925, 59, 1, 1, '2024-12-27', '19:41:00'),
(926, 60, 3, 8, '2024-11-08', '19:12:00'),
(927, 61, 2, 5, '2024-07-08', '19:58:00'),
(928, 61, 2, 6, '2024-12-21', '21:08:00'),
(929, 62, 1, 3, '2023-06-24', '20:37:00'),
(930, 62, 1, 2, '2023-07-31', '20:24:00'),
(931, 62, 1, 3, '2023-09-07', '19:03:00'),
(932, 62, 1, 1, '2023-09-09', '19:48:00'),
(933, 62, 1, 2, '2023-09-21', '13:31:00'),
(934, 62, 3, 7, '2024-04-17', '20:59:00'),
(935, 62, 1, 1, '2024-04-22', '12:57:00'),
(936, 62, 2, 4, '2024-06-23', '20:33:00'),
(937, 62, 1, 3, '2024-06-30', '21:46:00'),
(938, 62, 1, 2, '2024-07-14', '13:04:00'),
(939, 62, 1, 1, '2024-07-23', '19:49:00'),
(940, 62, 1, 3, '2024-07-28', '19:53:00'),
(941, 62, 1, 1, '2024-08-15', '20:55:00'),
(942, 62, 1, 3, '2024-09-01', '13:12:00'),
(943, 62, 1, 2, '2024-09-08', '12:44:00'),
(944, 62, 1, 2, '2024-12-18', '21:56:00'),
(945, 63, 2, 5, '2023-12-16', '12:44:00'),
(946, 63, 2, 5, '2024-02-11', '13:13:00'),
(947, 63, 2, 5, '2024-02-15', '19:28:00'),
(948, 63, 2, 5, '2024-05-02', '12:28:00'),
(949, 63, 2, 6, '2024-08-21', '12:39:00'),
(950, 64, 2, 4, '2024-11-10', '20:41:00'),
(951, 65, 2, 5, '2024-06-21', '12:18:00'),
(952, 65, 2, 5, '2024-07-20', '13:07:00'),
(953, 65, 2, 5, '2024-08-29', '20:46:00'),
(954, 65, 2, 6, '2024-11-25', '13:47:00'),
(955, 65, 2, 5, '2024-12-17', '19:06:00'),
(956, 66, 3, 7, '2024-10-18', '20:28:00'),
(957, 66, 3, 8, '2024-11-17', '12:19:00'),
(958, 66, 3, 8, '2024-11-26', '13:55:00'),
(959, 67, 3, 8, '2024-11-20', '20:31:00'),
(960, 67, 3, 7, '2024-11-22', '19:35:00'),
(961, 67, 3, 7, '2024-11-23', '13:55:00'),
(962, 67, 3, 8, '2024-12-06', '19:08:00'),
(963, 67, 3, 8, '2024-12-26', '13:20:00'),
(964, 68, 2, 4, '2023-07-08', '13:36:00'),
(965, 68, 2, 6, '2023-09-09', '19:49:00'),
(966, 68, 2, 4, '2023-10-07', '20:13:00'),
(967, 68, 2, 5, '2023-11-18', '12:32:00'),
(968, 68, 2, 5, '2023-12-06', '19:49:00'),
(969, 68, 2, 4, '2024-01-11', '20:13:00'),
(970, 68, 2, 4, '2024-01-26', '20:11:00'),
(971, 68, 1, 3, '2024-02-19', '19:11:00'),
(972, 68, 3, 8, '2024-04-09', '21:38:00'),
(973, 68, 2, 5, '2024-05-11', '21:45:00'),
(974, 68, 2, 5, '2024-06-05', '21:59:00'),
(975, 68, 2, 6, '2024-09-01', '12:57:00'),
(976, 68, 2, 4, '2024-09-11', '12:53:00'),
(977, 68, 2, 4, '2024-10-24', '21:17:00'),
(978, 68, 2, 6, '2024-10-26', '21:10:00'),
(979, 68, 2, 4, '2024-10-28', '20:03:00'),
(980, 68, 2, 5, '2024-10-30', '13:02:00'),
(981, 68, 2, 5, '2024-12-15', '21:19:00'),
(982, 69, 3, 8, '2024-09-28', '20:11:00'),
(983, 69, 3, 7, '2024-09-29', '13:12:00'),
(984, 69, 3, 7, '2024-10-08', '20:53:00'),
(985, 69, 3, 8, '2024-11-13', '13:44:00'),
(986, 69, 3, 8, '2024-11-25', '20:32:00'),
(987, 69, 3, 7, '2024-12-28', '12:07:00'),
(988, 69, 3, 7, '2024-12-30', '21:20:00'),
(989, 70, 1, 2, '2024-10-19', '13:01:00'),
(990, 71, 2, 5, '2023-12-14', '12:05:00'),
(991, 71, 2, 4, '2024-02-04', '13:19:00'),
(992, 71, 2, 5, '2024-05-20', '13:35:00'),
(993, 71, 2, 4, '2024-06-22', '20:44:00'),
(994, 71, 2, 5, '2024-07-05', '20:08:00'),
(995, 71, 2, 4, '2024-08-15', '21:01:00'),
(996, 71, 2, 6, '2024-08-24', '19:04:00'),
(997, 71, 2, 5, '2024-09-15', '19:21:00'),
(998, 71, 2, 4, '2024-09-20', '12:26:00'),
(999, 71, 2, 6, '2024-12-04', '21:22:00'),
(1000, 72, 1, 2, '2024-11-10', '21:46:00');

INSERT INTO orders (order_id, customer_id, store_id, staff_id, order_date, order_time) VALUES
(1001, 72, 1, 3, '2024-12-01', '12:38:00'),
(1002, 72, 1, 2, '2024-12-03', '13:18:00'),
(1003, 72, 1, 3, '2024-12-07', '20:34:00'),
(1004, 72, 1, 2, '2024-12-08', '19:57:00'),
(1005, 72, 1, 3, '2024-12-14', '21:53:00'),
(1006, 72, 3, 8, '2024-12-16', '21:06:00'),
(1007, 72, 1, 3, '2024-12-20', '19:11:00'),
(1008, 72, 1, 1, '2024-12-22', '21:07:00'),
(1009, 72, 1, 3, '2024-12-23', '20:23:00'),
(1010, 72, 1, 2, '2024-12-25', '20:38:00'),
(1011, 72, 1, 3, '2024-12-29', '13:29:00'),
(1012, 73, 3, 8, '2024-09-08', '13:54:00'),
(1013, 73, 3, 7, '2024-09-22', '19:42:00'),
(1014, 73, 3, 8, '2024-10-04', '19:48:00'),
(1015, 73, 3, 7, '2024-11-16', '20:26:00'),
(1016, 73, 3, 7, '2024-11-24', '21:07:00'),
(1017, 73, 3, 8, '2024-11-26', '20:47:00'),
(1018, 73, 3, 8, '2024-11-29', '19:06:00'),
(1019, 74, 2, 4, '2023-09-26', '21:26:00'),
(1020, 74, 3, 7, '2023-11-14', '20:26:00'),
(1021, 74, 2, 4, '2023-12-24', '20:23:00'),
(1022, 74, 2, 6, '2024-08-25', '13:23:00'),
(1023, 75, 3, 8, '2024-04-28', '20:51:00'),
(1024, 75, 3, 8, '2024-08-19', '19:33:00'),
(1025, 76, 3, 7, '2024-08-14', '13:17:00'),
(1026, 76, 3, 7, '2024-08-19', '19:45:00'),
(1027, 76, 3, 7, '2024-08-22', '21:08:00'),
(1028, 76, 3, 7, '2024-09-01', '19:37:00'),
(1029, 76, 3, 7, '2024-09-04', '19:30:00'),
(1030, 76, 3, 8, '2024-09-26', '19:11:00'),
(1031, 76, 3, 7, '2024-10-05', '20:50:00'),
(1032, 76, 3, 7, '2024-10-09', '21:50:00'),
(1033, 76, 3, 7, '2024-10-27', '12:35:00'),
(1034, 76, 3, 8, '2024-10-29', '13:44:00'),
(1035, 76, 3, 7, '2024-11-05', '20:46:00'),
(1036, 76, 3, 7, '2024-11-24', '19:34:00'),
(1037, 76, 3, 7, '2024-11-25', '19:30:00'),
(1038, 76, 3, 8, '2024-12-07', '20:37:00'),
(1039, 76, 2, 5, '2024-12-12', '20:38:00'),
(1040, 77, 2, 4, '2024-02-18', '12:48:00'),
(1041, 77, 2, 4, '2024-06-10', '19:19:00'),
(1042, 77, 2, 5, '2024-11-14', '19:19:00'),
(1043, 78, 1, 2, '2024-11-11', '21:30:00'),
(1044, 78, 1, 2, '2024-11-15', '19:36:00'),
(1045, 78, 2, 4, '2024-12-14', '12:45:00'),
(1046, 79, 1, 2, '2023-05-24', '21:07:00'),
(1047, 79, 3, 7, '2023-07-12', '19:09:00'),
(1048, 79, 1, 2, '2023-09-05', '19:42:00'),
(1049, 79, 1, 2, '2024-02-17', '20:47:00'),
(1050, 79, 2, 4, '2024-03-09', '13:47:00'),
(1051, 79, 1, 3, '2024-04-19', '19:03:00'),
(1052, 79, 1, 2, '2024-04-27', '21:32:00'),
(1053, 79, 1, 3, '2024-08-04', '20:07:00'),
(1054, 79, 1, 3, '2024-10-18', '21:39:00'),
(1055, 79, 1, 2, '2024-11-21', '13:36:00'),
(1056, 79, 1, 1, '2024-12-05', '20:24:00'),
(1057, 80, 1, 2, '2023-05-07', '21:13:00'),
(1058, 80, 1, 3, '2023-06-06', '19:47:00'),
(1059, 80, 1, 3, '2023-08-26', '13:24:00'),
(1060, 80, 1, 3, '2023-09-11', '12:31:00'),
(1061, 80, 1, 2, '2023-09-29', '19:30:00'),
(1062, 80, 1, 2, '2023-10-27', '21:22:00'),
(1063, 80, 1, 3, '2024-02-25', '21:17:00'),
(1064, 80, 1, 1, '2024-10-01', '12:09:00'),
(1065, 80, 1, 2, '2024-11-07', '13:39:00'),
(1066, 80, 1, 1, '2024-11-15', '13:56:00'),
(1067, 81, 3, 8, '2023-11-09', '21:02:00'),
(1068, 81, 3, 8, '2024-04-08', '21:07:00'),
(1069, 81, 3, 8, '2024-06-23', '12:30:00'),
(1070, 82, 1, 2, '2024-07-23', '20:30:00'),
(1071, 82, 2, 5, '2024-07-28', '20:34:00'),
(1072, 82, 1, 1, '2024-08-10', '19:57:00'),
(1073, 82, 1, 2, '2024-08-22', '12:54:00'),
(1074, 82, 1, 1, '2024-08-25', '21:53:00'),
(1075, 82, 1, 3, '2024-09-14', '19:27:00'),
(1076, 82, 1, 3, '2024-09-15', '20:12:00'),
(1077, 82, 1, 2, '2024-09-18', '12:34:00'),
(1078, 82, 1, 3, '2024-10-05', '20:54:00'),
(1079, 82, 3, 8, '2024-10-26', '19:12:00'),
(1080, 82, 2, 5, '2024-10-31', '21:29:00'),
(1081, 82, 1, 1, '2024-11-15', '20:19:00'),
(1082, 82, 1, 1, '2024-11-19', '20:51:00'),
(1083, 82, 1, 2, '2024-11-30', '19:14:00'),
(1084, 82, 1, 1, '2024-12-13', '21:09:00'),
(1085, 82, 1, 3, '2024-12-15', '19:06:00'),
(1086, 82, 1, 1, '2024-12-24', '20:09:00'),
(1087, 83, 1, 2, '2024-08-27', '21:08:00'),
(1088, 83, 3, 7, '2024-08-31', '19:20:00'),
(1089, 83, 2, 4, '2024-09-02', '13:53:00'),
(1090, 83, 1, 3, '2024-09-09', '20:35:00'),
(1091, 83, 1, 1, '2024-09-11', '12:22:00'),
(1092, 83, 1, 3, '2024-09-12', '20:19:00'),
(1093, 83, 1, 3, '2024-09-13', '19:49:00'),
(1094, 83, 1, 1, '2024-09-15', '19:46:00'),
(1095, 83, 1, 2, '2024-09-27', '12:59:00'),
(1096, 83, 1, 2, '2024-09-29', '20:51:00'),
(1097, 83, 1, 2, '2024-10-01', '13:27:00'),
(1098, 83, 3, 7, '2024-10-04', '12:28:00'),
(1099, 83, 1, 3, '2024-10-05', '12:00:00'),
(1100, 83, 1, 2, '2024-10-06', '21:36:00'),
(1101, 83, 1, 3, '2024-10-09', '20:09:00'),
(1102, 83, 1, 2, '2024-10-11', '12:52:00'),
(1103, 83, 1, 2, '2024-10-15', '20:07:00'),
(1104, 83, 1, 3, '2024-10-16', '19:29:00'),
(1105, 83, 1, 1, '2024-10-17', '13:09:00'),
(1106, 83, 3, 7, '2024-10-18', '20:37:00'),
(1107, 83, 1, 1, '2024-10-20', '20:41:00'),
(1108, 83, 1, 2, '2024-10-21', '21:27:00'),
(1109, 83, 1, 2, '2024-10-23', '20:19:00'),
(1110, 83, 1, 3, '2024-10-24', '20:11:00'),
(1111, 83, 1, 2, '2024-10-27', '19:12:00'),
(1112, 83, 1, 1, '2024-10-30', '19:11:00'),
(1113, 83, 1, 1, '2024-11-04', '12:24:00'),
(1114, 83, 1, 1, '2024-11-07', '13:24:00'),
(1115, 83, 1, 2, '2024-11-09', '13:59:00'),
(1116, 83, 1, 3, '2024-11-11', '21:26:00'),
(1117, 83, 1, 2, '2024-11-13', '13:49:00'),
(1118, 83, 1, 1, '2024-11-17', '20:28:00'),
(1119, 83, 2, 5, '2024-11-19', '12:34:00'),
(1120, 83, 1, 2, '2024-11-21', '21:25:00'),
(1121, 83, 1, 1, '2024-11-22', '21:12:00'),
(1122, 83, 1, 1, '2024-11-26', '12:14:00'),
(1123, 83, 1, 3, '2024-11-27', '20:02:00'),
(1124, 83, 2, 6, '2024-12-05', '19:57:00'),
(1125, 83, 1, 3, '2024-12-06', '12:11:00'),
(1126, 83, 1, 1, '2024-12-09', '19:53:00'),
(1127, 83, 1, 2, '2024-12-15', '12:04:00'),
(1128, 83, 1, 1, '2024-12-18', '12:57:00'),
(1129, 83, 1, 1, '2024-12-22', '20:54:00'),
(1130, 83, 3, 8, '2024-12-23', '19:43:00'),
(1131, 83, 1, 2, '2024-12-25', '21:29:00'),
(1132, 83, 1, 2, '2024-12-28', '21:24:00'),
(1133, 83, 1, 2, '2024-12-29', '19:14:00'),
(1134, 84, 2, 6, '2023-12-01', '19:57:00'),
(1135, 84, 2, 4, '2024-02-24', '21:27:00'),
(1136, 84, 2, 4, '2024-03-10', '20:12:00'),
(1137, 84, 2, 6, '2024-04-05', '20:48:00'),
(1138, 84, 2, 4, '2024-04-11', '12:55:00'),
(1139, 84, 1, 2, '2024-04-16', '20:13:00'),
(1140, 84, 2, 6, '2024-06-17', '13:06:00'),
(1141, 84, 2, 4, '2024-07-07', '21:26:00'),
(1142, 84, 2, 6, '2024-09-29', '13:07:00'),
(1143, 84, 2, 5, '2024-10-25', '21:23:00'),
(1144, 84, 3, 7, '2024-12-15', '19:21:00'),
(1145, 84, 2, 4, '2024-12-23', '21:42:00'),
(1146, 85, 1, 2, '2023-08-16', '21:46:00'),
(1147, 85, 1, 2, '2023-08-21', '21:58:00'),
(1148, 85, 1, 1, '2024-01-14', '13:51:00'),
(1149, 85, 1, 2, '2024-02-09', '20:55:00'),
(1150, 85, 1, 1, '2024-02-17', '13:47:00'),
(1151, 85, 1, 1, '2024-04-22', '20:14:00'),
(1152, 85, 1, 1, '2024-07-02', '13:52:00'),
(1153, 85, 1, 1, '2024-07-05', '20:55:00'),
(1154, 85, 1, 1, '2024-08-04', '21:36:00'),
(1155, 85, 1, 3, '2024-08-20', '13:25:00'),
(1156, 85, 1, 1, '2024-10-04', '20:33:00'),
(1157, 85, 1, 3, '2024-10-13', '19:57:00'),
(1158, 85, 1, 3, '2024-11-08', '20:00:00'),
(1159, 86, 3, 8, '2024-11-23', '20:26:00'),
(1160, 86, 3, 7, '2024-12-01', '19:01:00'),
(1161, 86, 3, 7, '2024-12-08', '13:37:00'),
(1162, 86, 3, 8, '2024-12-09', '19:01:00'),
(1163, 86, 3, 7, '2024-12-19', '19:27:00'),
(1164, 87, 3, 8, '2024-05-27', '13:55:00'),
(1165, 87, 3, 8, '2024-05-28', '13:08:00'),
(1166, 87, 3, 7, '2024-06-03', '21:20:00'),
(1167, 87, 3, 8, '2024-07-27', '21:46:00'),
(1168, 87, 3, 8, '2024-09-12', '13:09:00'),
(1169, 87, 3, 8, '2024-09-13', '20:50:00'),
(1170, 87, 3, 7, '2024-10-22', '13:03:00'),
(1171, 87, 3, 8, '2024-11-06', '21:19:00'),
(1172, 87, 3, 8, '2024-11-20', '20:05:00'),
(1173, 87, 3, 8, '2024-11-22', '20:06:00'),
(1174, 87, 3, 7, '2024-12-01', '21:07:00'),
(1175, 88, 1, 1, '2024-12-31', '20:48:00'),
(1176, 89, 1, 3, '2024-04-05', '12:25:00'),
(1177, 89, 1, 1, '2024-04-23', '13:52:00'),
(1178, 89, 1, 1, '2024-05-08', '20:01:00'),
(1179, 89, 1, 1, '2024-06-30', '21:55:00'),
(1180, 89, 1, 1, '2024-08-22', '20:31:00'),
(1181, 90, 1, 2, '2023-11-26', '13:02:00'),
(1182, 90, 1, 2, '2023-12-16', '13:37:00'),
(1183, 90, 1, 1, '2024-01-10', '13:32:00'),
(1184, 90, 1, 2, '2024-02-17', '13:46:00'),
(1185, 90, 1, 3, '2024-03-15', '20:18:00'),
(1186, 90, 1, 1, '2024-04-04', '12:17:00'),
(1187, 90, 1, 3, '2024-04-16', '12:13:00'),
(1188, 90, 1, 1, '2024-05-14', '13:41:00'),
(1189, 90, 1, 1, '2024-06-03', '13:59:00'),
(1190, 90, 1, 2, '2024-06-26', '12:59:00'),
(1191, 90, 1, 3, '2024-09-03', '21:37:00'),
(1192, 90, 1, 2, '2024-09-19', '13:04:00'),
(1193, 90, 1, 1, '2024-12-20', '21:36:00'),
(1194, 90, 1, 1, '2024-12-28', '20:55:00'),
(1195, 90, 1, 2, '2024-12-29', '21:53:00'),
(1196, 91, 2, 4, '2024-10-18', '21:34:00'),
(1197, 92, 2, 4, '2024-03-24', '20:25:00'),
(1198, 92, 2, 6, '2024-06-01', '20:09:00'),
(1199, 92, 2, 5, '2024-06-14', '19:48:00'),
(1200, 92, 2, 4, '2024-07-05', '21:01:00'),
(1201, 92, 2, 5, '2024-09-08', '20:04:00'),
(1202, 92, 2, 5, '2024-09-09', '20:21:00'),
(1203, 92, 2, 5, '2024-09-13', '20:43:00'),
(1204, 92, 2, 6, '2024-09-15', '19:37:00'),
(1205, 92, 2, 4, '2024-09-29', '13:05:00'),
(1206, 92, 2, 4, '2024-10-10', '19:21:00'),
(1207, 92, 2, 5, '2024-10-13', '19:39:00'),
(1208, 92, 2, 6, '2024-10-16', '20:59:00'),
(1209, 92, 2, 6, '2024-10-29', '21:41:00'),
(1210, 92, 2, 5, '2024-11-15', '13:28:00'),
(1211, 92, 2, 4, '2024-11-30', '13:31:00'),
(1212, 92, 2, 4, '2024-12-03', '12:11:00'),
(1213, 92, 2, 6, '2024-12-13', '20:51:00'),
(1214, 92, 2, 4, '2024-12-28', '20:27:00'),
(1215, 93, 1, 3, '2024-05-18', '20:07:00'),
(1216, 93, 1, 2, '2024-06-06', '21:55:00'),
(1217, 93, 1, 1, '2024-06-12', '20:54:00'),
(1218, 93, 1, 3, '2024-06-22', '20:30:00'),
(1219, 93, 1, 2, '2024-07-08', '19:48:00'),
(1220, 93, 1, 2, '2024-07-12', '20:59:00'),
(1221, 93, 1, 2, '2024-08-01', '20:56:00'),
(1222, 93, 1, 1, '2024-08-10', '12:38:00'),
(1223, 93, 1, 2, '2024-08-24', '12:17:00'),
(1224, 93, 2, 5, '2024-09-08', '21:38:00'),
(1225, 93, 1, 3, '2024-09-18', '21:38:00'),
(1226, 93, 1, 3, '2024-09-22', '19:33:00'),
(1227, 93, 1, 2, '2024-09-28', '19:20:00'),
(1228, 93, 1, 2, '2024-10-28', '13:38:00'),
(1229, 94, 1, 2, '2024-04-20', '19:31:00'),
(1230, 94, 1, 2, '2024-04-23', '21:16:00'),
(1231, 94, 1, 1, '2024-05-09', '20:51:00'),
(1232, 94, 1, 2, '2024-05-12', '20:03:00'),
(1233, 94, 1, 1, '2024-05-15', '21:17:00'),
(1234, 94, 1, 1, '2024-05-17', '21:39:00'),
(1235, 94, 1, 1, '2024-05-18', '13:01:00'),
(1236, 94, 1, 2, '2024-05-23', '19:49:00'),
(1237, 94, 1, 1, '2024-06-14', '12:54:00'),
(1238, 94, 1, 1, '2024-06-25', '13:08:00'),
(1239, 94, 1, 1, '2024-06-28', '13:38:00'),
(1240, 94, 1, 3, '2024-07-09', '19:31:00'),
(1241, 94, 1, 3, '2024-07-13', '20:36:00'),
(1242, 94, 1, 3, '2024-07-26', '12:04:00'),
(1243, 94, 1, 3, '2024-08-08', '13:49:00'),
(1244, 94, 1, 2, '2024-08-13', '13:28:00'),
(1245, 94, 1, 1, '2024-08-27', '21:15:00'),
(1246, 94, 1, 2, '2024-08-29', '19:38:00'),
(1247, 94, 1, 2, '2024-08-30', '19:22:00'),
(1248, 94, 1, 2, '2024-08-31', '20:35:00'),
(1249, 94, 1, 2, '2024-09-02', '12:25:00'),
(1250, 94, 1, 2, '2024-09-07', '21:48:00'),
(1251, 94, 1, 2, '2024-09-08', '19:09:00'),
(1252, 94, 1, 1, '2024-09-19', '13:09:00'),
(1253, 94, 1, 1, '2024-09-21', '12:00:00'),
(1254, 94, 1, 3, '2024-09-23', '21:27:00'),
(1255, 94, 1, 1, '2024-10-01', '20:50:00'),
(1256, 94, 1, 2, '2024-10-04', '12:29:00'),
(1257, 94, 1, 3, '2024-10-22', '21:52:00'),
(1258, 94, 1, 3, '2024-10-23', '20:45:00'),
(1259, 94, 1, 2, '2024-10-25', '19:17:00'),
(1260, 94, 1, 1, '2024-10-26', '13:50:00'),
(1261, 94, 1, 2, '2024-10-27', '19:36:00'),
(1262, 94, 1, 2, '2024-10-29', '21:04:00'),
(1263, 94, 1, 2, '2024-10-30', '21:07:00'),
(1264, 94, 1, 1, '2024-11-04', '13:27:00'),
(1265, 94, 1, 2, '2024-11-06', '20:37:00'),
(1266, 94, 1, 3, '2024-11-13', '12:50:00'),
(1267, 94, 1, 3, '2024-11-14', '21:43:00'),
(1268, 94, 1, 1, '2024-11-20', '21:05:00'),
(1269, 94, 1, 3, '2024-11-25', '13:18:00'),
(1270, 94, 1, 1, '2024-11-30', '20:32:00'),
(1271, 94, 1, 2, '2024-12-03', '20:51:00'),
(1272, 94, 1, 2, '2024-12-04', '21:15:00'),
(1273, 94, 1, 1, '2024-12-11', '12:56:00'),
(1274, 94, 1, 3, '2024-12-18', '13:21:00'),
(1275, 94, 1, 3, '2024-12-19', '12:41:00'),
(1276, 94, 1, 2, '2024-12-22', '12:53:00'),
(1277, 94, 1, 2, '2024-12-23', '19:08:00'),
(1278, 95, 1, 1, '2023-07-28', '19:49:00'),
(1279, 95, 1, 3, '2023-12-16', '19:52:00'),
(1280, 95, 1, 2, '2024-02-12', '20:32:00'),
(1281, 95, 1, 1, '2024-05-05', '21:51:00'),
(1282, 95, 1, 1, '2024-11-14', '12:21:00'),
(1283, 96, 1, 2, '2023-04-22', '19:15:00'),
(1284, 96, 1, 3, '2023-05-06', '13:18:00'),
(1285, 96, 1, 2, '2023-06-11', '13:06:00'),
(1286, 96, 1, 1, '2023-11-11', '12:09:00'),
(1287, 96, 1, 1, '2023-12-04', '20:21:00'),
(1288, 96, 1, 1, '2023-12-10', '20:22:00'),
(1289, 96, 1, 1, '2024-01-16', '21:51:00'),
(1290, 96, 1, 2, '2024-01-25', '19:21:00'),
(1291, 96, 1, 3, '2024-03-21', '19:37:00'),
(1292, 96, 1, 2, '2024-05-22', '20:29:00'),
(1293, 96, 1, 3, '2024-07-23', '19:00:00'),
(1294, 96, 1, 2, '2024-11-05', '21:55:00'),
(1295, 96, 1, 2, '2024-12-03', '12:08:00'),
(1296, 96, 1, 2, '2024-12-04', '20:15:00'),
(1297, 97, 3, 8, '2024-07-27', '12:18:00'),
(1298, 97, 3, 8, '2024-11-16', '20:06:00'),
(1299, 97, 3, 7, '2024-12-02', '12:36:00'),
(1300, 98, 3, 8, '2024-01-20', '21:19:00'),
(1301, 98, 3, 7, '2024-08-08', '12:37:00'),
(1302, 98, 3, 8, '2024-11-27', '19:06:00'),
(1303, 98, 3, 7, '2024-11-30', '19:11:00'),
(1304, 98, 3, 7, '2024-12-11', '21:55:00'),
(1305, 99, 1, 3, '2024-08-02', '19:25:00'),
(1306, 99, 1, 3, '2024-09-14', '20:16:00'),
(1307, 100, 3, 7, '2024-02-25', '19:12:00'),
(1308, 100, 3, 7, '2024-03-09', '12:56:00'),
(1309, 100, 3, 8, '2024-04-21', '13:11:00'),
(1310, 100, 3, 8, '2024-05-01', '20:17:00'),
(1311, 100, 3, 7, '2024-05-31', '21:35:00'),
(1312, 100, 3, 8, '2024-06-24', '12:55:00'),
(1313, 100, 3, 7, '2024-07-07', '13:51:00'),
(1314, 100, 3, 7, '2024-08-10', '21:00:00'),
(1315, 100, 3, 8, '2024-08-29', '13:51:00'),
(1316, 100, 3, 8, '2024-12-08', '19:24:00'),
(1317, 100, 3, 8, '2024-12-11', '13:21:00'),
(1318, 101, 1, 2, '2023-11-06', '13:53:00'),
(1319, 101, 1, 3, '2023-11-19', '12:14:00'),
(1320, 101, 1, 2, '2023-11-25', '21:37:00'),
(1321, 101, 1, 2, '2023-12-20', '21:28:00'),
(1322, 101, 1, 1, '2023-12-22', '20:01:00'),
(1323, 101, 1, 1, '2024-01-09', '20:08:00'),
(1324, 101, 1, 3, '2024-01-11', '20:25:00'),
(1325, 101, 1, 1, '2024-01-23', '20:15:00'),
(1326, 101, 1, 1, '2024-02-20', '19:34:00'),
(1327, 101, 1, 1, '2024-02-29', '12:31:00'),
(1328, 101, 1, 1, '2024-03-01', '12:28:00'),
(1329, 101, 1, 2, '2024-03-03', '20:54:00'),
(1330, 101, 1, 3, '2024-04-20', '20:55:00'),
(1331, 101, 1, 1, '2024-05-03', '20:05:00'),
(1332, 101, 1, 3, '2024-05-30', '12:40:00'),
(1333, 101, 1, 3, '2024-06-01', '13:05:00'),
(1334, 101, 1, 2, '2024-06-08', '13:52:00'),
(1335, 101, 1, 1, '2024-07-17', '12:38:00'),
(1336, 101, 1, 2, '2024-08-06', '20:05:00'),
(1337, 101, 1, 2, '2024-08-09', '19:51:00'),
(1338, 101, 1, 3, '2024-08-18', '20:24:00'),
(1339, 101, 1, 2, '2024-08-23', '19:15:00'),
(1340, 101, 3, 7, '2024-09-19', '20:54:00'),
(1341, 101, 1, 2, '2024-10-09', '12:25:00'),
(1342, 101, 3, 8, '2024-10-19', '13:30:00'),
(1343, 101, 1, 3, '2024-10-20', '13:09:00'),
(1344, 101, 1, 3, '2024-11-07', '20:33:00'),
(1345, 101, 1, 1, '2024-11-12', '19:45:00'),
(1346, 101, 2, 4, '2024-11-15', '12:55:00'),
(1347, 101, 1, 2, '2024-11-24', '21:11:00'),
(1348, 101, 3, 8, '2024-11-26', '12:05:00'),
(1349, 101, 3, 7, '2024-12-12', '19:58:00'),
(1350, 101, 1, 1, '2024-12-30', '13:46:00'),
(1351, 102, 3, 7, '2024-09-30', '20:56:00'),
(1352, 102, 3, 7, '2024-10-19', '19:29:00'),
(1353, 102, 3, 8, '2024-11-04', '19:08:00'),
(1354, 103, 1, 1, '2023-08-05', '19:53:00'),
(1355, 103, 3, 7, '2023-08-10', '20:09:00'),
(1356, 103, 1, 1, '2023-08-27', '12:59:00'),
(1357, 103, 1, 1, '2023-09-25', '21:40:00'),
(1358, 103, 1, 1, '2023-10-08', '19:06:00'),
(1359, 103, 1, 1, '2023-10-21', '12:56:00'),
(1360, 103, 1, 1, '2023-11-02', '13:29:00'),
(1361, 103, 1, 2, '2023-11-19', '13:21:00'),
(1362, 103, 1, 3, '2024-02-02', '20:31:00'),
(1363, 103, 1, 1, '2024-03-02', '21:07:00'),
(1364, 103, 1, 2, '2024-05-16', '19:12:00'),
(1365, 103, 3, 8, '2024-05-22', '21:08:00'),
(1366, 103, 1, 3, '2024-07-16', '12:06:00'),
(1367, 103, 1, 1, '2024-08-17', '20:45:00'),
(1368, 103, 1, 3, '2024-12-18', '21:25:00'),
(1369, 103, 1, 2, '2024-12-21', '21:42:00'),
(1370, 103, 1, 2, '2024-12-26', '12:33:00'),
(1371, 104, 1, 2, '2023-06-28', '21:14:00'),
(1372, 104, 1, 1, '2023-08-12', '21:30:00'),
(1373, 104, 1, 1, '2023-09-25', '19:47:00'),
(1374, 104, 1, 3, '2023-09-30', '19:42:00'),
(1375, 104, 1, 1, '2024-10-18', '21:52:00'),
(1376, 105, 2, 5, '2024-07-30', '20:22:00'),
(1377, 105, 2, 4, '2024-08-29', '21:56:00'),
(1378, 105, 2, 6, '2024-09-29', '20:25:00'),
(1379, 105, 2, 4, '2024-10-22', '19:40:00'),
(1380, 106, 2, 5, '2023-12-02', '20:56:00'),
(1381, 106, 1, 3, '2023-12-11', '20:21:00'),
(1382, 106, 2, 4, '2023-12-15', '21:15:00'),
(1383, 106, 2, 6, '2023-12-30', '20:31:00'),
(1384, 106, 2, 5, '2024-01-04', '19:03:00'),
(1385, 106, 2, 6, '2024-01-11', '20:24:00'),
(1386, 106, 2, 6, '2024-01-19', '20:20:00'),
(1387, 106, 2, 6, '2024-01-23', '12:21:00'),
(1388, 106, 2, 5, '2024-02-13', '21:08:00'),
(1389, 106, 2, 5, '2024-02-23', '20:15:00'),
(1390, 106, 1, 2, '2024-02-24', '21:02:00'),
(1391, 106, 2, 4, '2024-02-27', '21:41:00'),
(1392, 106, 2, 4, '2024-03-01', '19:40:00'),
(1393, 106, 2, 4, '2024-03-06', '21:58:00'),
(1394, 106, 2, 5, '2024-03-10', '19:24:00'),
(1395, 106, 2, 4, '2024-03-14', '13:49:00'),
(1396, 106, 2, 6, '2024-03-22', '19:31:00'),
(1397, 106, 2, 6, '2024-03-23', '19:43:00'),
(1398, 106, 2, 6, '2024-04-01', '13:03:00'),
(1399, 106, 2, 5, '2024-04-14', '20:24:00'),
(1400, 106, 2, 6, '2024-04-22', '13:57:00'),
(1401, 106, 2, 6, '2024-04-23', '13:59:00'),
(1402, 106, 2, 4, '2024-05-07', '13:40:00'),
(1403, 106, 2, 4, '2024-05-10', '19:55:00'),
(1404, 106, 2, 4, '2024-05-15', '20:20:00'),
(1405, 106, 2, 5, '2024-06-07', '21:10:00'),
(1406, 106, 1, 2, '2024-06-11', '20:25:00'),
(1407, 106, 3, 8, '2024-06-21', '19:39:00'),
(1408, 106, 2, 6, '2024-06-24', '20:32:00'),
(1409, 106, 2, 6, '2024-06-29', '13:12:00'),
(1410, 106, 2, 5, '2024-07-21', '19:20:00'),
(1411, 106, 2, 5, '2024-07-26', '20:13:00'),
(1412, 106, 2, 5, '2024-07-28', '12:39:00'),
(1413, 106, 2, 6, '2024-08-09', '20:07:00'),
(1414, 106, 2, 5, '2024-08-11', '19:17:00'),
(1415, 106, 2, 4, '2024-08-25', '19:10:00'),
(1416, 106, 2, 5, '2024-08-31', '19:17:00'),
(1417, 106, 2, 6, '2024-10-02', '20:46:00'),
(1418, 106, 2, 6, '2024-10-03', '19:19:00'),
(1419, 106, 2, 5, '2024-10-05', '13:19:00'),
(1420, 106, 2, 4, '2024-10-10', '20:52:00'),
(1421, 106, 2, 6, '2024-10-19', '20:35:00'),
(1422, 106, 2, 5, '2024-10-25', '19:39:00'),
(1423, 106, 2, 5, '2024-11-07', '21:27:00'),
(1424, 106, 2, 5, '2024-11-08', '20:10:00'),
(1425, 106, 2, 4, '2024-11-15', '13:34:00'),
(1426, 106, 2, 5, '2024-12-07', '20:40:00'),
(1427, 106, 2, 4, '2024-12-13', '19:31:00'),
(1428, 106, 2, 5, '2024-12-15', '13:30:00'),
(1429, 106, 2, 5, '2024-12-26', '19:20:00'),
(1430, 107, 1, 1, '2024-09-08', '12:55:00'),
(1431, 107, 1, 3, '2024-11-13', '13:50:00'),
(1432, 107, 1, 1, '2024-11-22', '12:11:00'),
(1433, 107, 1, 1, '2024-12-23', '19:10:00'),
(1434, 108, 1, 1, '2024-08-09', '20:00:00'),
(1435, 108, 1, 3, '2024-09-15', '20:48:00'),
(1436, 108, 1, 3, '2024-09-17', '20:58:00'),
(1437, 108, 1, 2, '2024-10-19', '21:08:00'),
(1438, 108, 1, 2, '2024-11-02', '13:35:00'),
(1439, 108, 1, 3, '2024-11-14', '19:13:00'),
(1440, 108, 1, 1, '2024-11-15', '19:59:00'),
(1441, 108, 1, 3, '2024-11-26', '21:54:00'),
(1442, 108, 1, 3, '2024-11-29', '13:13:00'),
(1443, 108, 1, 3, '2024-11-30', '21:37:00'),
(1444, 109, 2, 5, '2024-11-12', '13:37:00'),
(1445, 109, 2, 4, '2024-12-23', '13:09:00'),
(1446, 110, 1, 1, '2023-04-27', '20:20:00'),
(1447, 110, 1, 3, '2023-05-07', '21:12:00'),
(1448, 110, 2, 6, '2023-06-25', '12:44:00'),
(1449, 110, 1, 2, '2023-06-26', '13:59:00'),
(1450, 110, 1, 1, '2023-07-10', '21:16:00'),
(1451, 110, 1, 3, '2023-08-05', '13:14:00'),
(1452, 110, 1, 2, '2023-08-15', '21:27:00'),
(1453, 110, 1, 1, '2023-09-25', '19:16:00'),
(1454, 110, 1, 2, '2023-10-31', '12:39:00'),
(1455, 110, 1, 2, '2023-12-05', '19:04:00'),
(1456, 110, 1, 1, '2024-01-08', '13:30:00'),
(1457, 110, 1, 1, '2024-01-28', '12:03:00'),
(1458, 110, 1, 2, '2024-04-18', '13:28:00'),
(1459, 110, 1, 3, '2024-04-20', '12:00:00'),
(1460, 110, 1, 3, '2024-05-18', '12:01:00'),
(1461, 110, 1, 2, '2024-09-25', '13:02:00'),
(1462, 110, 1, 2, '2024-10-31', '12:55:00'),
(1463, 110, 1, 1, '2024-12-22', '12:12:00'),
(1464, 110, 1, 2, '2024-12-25', '19:22:00'),
(1465, 111, 1, 2, '2023-09-14', '20:10:00'),
(1466, 112, 1, 1, '2024-08-22', '12:36:00'),
(1467, 112, 1, 2, '2024-08-29', '20:56:00'),
(1468, 112, 1, 2, '2024-08-31', '21:33:00'),
(1469, 112, 1, 1, '2024-09-01', '12:53:00'),
(1470, 112, 1, 1, '2024-09-05', '21:52:00'),
(1471, 112, 1, 1, '2024-09-06', '19:15:00'),
(1472, 112, 1, 2, '2024-09-07', '13:58:00'),
(1473, 112, 1, 2, '2024-09-10', '13:18:00'),
(1474, 112, 1, 2, '2024-09-14', '19:47:00'),
(1475, 112, 1, 3, '2024-09-17', '20:34:00'),
(1476, 112, 1, 1, '2024-09-18', '21:06:00'),
(1477, 112, 1, 1, '2024-09-19', '19:51:00'),
(1478, 112, 1, 2, '2024-09-24', '19:36:00'),
(1479, 112, 1, 1, '2024-09-25', '20:07:00'),
(1480, 112, 1, 1, '2024-09-27', '19:23:00'),
(1481, 112, 1, 1, '2024-09-29', '20:03:00'),
(1482, 112, 1, 3, '2024-10-02', '12:32:00'),
(1483, 112, 1, 3, '2024-10-03', '12:01:00'),
(1484, 112, 2, 5, '2024-10-05', '13:18:00'),
(1485, 112, 1, 2, '2024-10-16', '21:59:00'),
(1486, 112, 1, 3, '2024-10-18', '19:01:00'),
(1487, 112, 1, 1, '2024-10-22', '20:27:00'),
(1488, 112, 1, 3, '2024-10-25', '19:08:00'),
(1489, 112, 1, 2, '2024-10-26', '12:40:00'),
(1490, 112, 2, 4, '2024-10-27', '13:11:00'),
(1491, 112, 1, 2, '2024-10-28', '19:56:00'),
(1492, 112, 1, 1, '2024-11-02', '19:06:00'),
(1493, 112, 1, 3, '2024-11-04', '21:54:00'),
(1494, 112, 3, 8, '2024-11-05', '12:30:00'),
(1495, 112, 1, 2, '2024-11-08', '20:22:00'),
(1496, 112, 1, 1, '2024-11-14', '12:46:00'),
(1497, 112, 1, 3, '2024-11-18', '19:44:00'),
(1498, 112, 1, 3, '2024-11-19', '13:16:00'),
(1499, 112, 1, 2, '2024-11-23', '20:32:00'),
(1500, 112, 1, 2, '2024-11-24', '13:29:00');

INSERT INTO orders (order_id, customer_id, store_id, staff_id, order_date, order_time) VALUES
(1501, 112, 1, 2, '2024-11-25', '20:28:00'),
(1502, 112, 2, 6, '2024-11-28', '20:15:00'),
(1503, 112, 1, 3, '2024-11-29', '13:12:00'),
(1504, 112, 1, 1, '2024-11-30', '12:34:00'),
(1505, 112, 1, 3, '2024-12-01', '13:24:00'),
(1506, 112, 1, 3, '2024-12-02', '19:02:00'),
(1507, 112, 1, 2, '2024-12-03', '19:04:00'),
(1508, 112, 1, 2, '2024-12-04', '20:23:00'),
(1509, 112, 1, 3, '2024-12-05', '19:23:00'),
(1510, 112, 1, 1, '2024-12-06', '20:06:00'),
(1511, 112, 1, 3, '2024-12-07', '19:32:00'),
(1512, 112, 1, 1, '2024-12-08', '20:32:00'),
(1513, 112, 1, 2, '2024-12-09', '21:06:00'),
(1514, 112, 1, 2, '2024-12-13', '20:47:00'),
(1515, 112, 1, 1, '2024-12-15', '13:28:00'),
(1516, 112, 1, 2, '2024-12-17', '20:35:00'),
(1517, 112, 1, 3, '2024-12-19', '21:33:00'),
(1518, 112, 1, 1, '2024-12-20', '12:14:00'),
(1519, 112, 3, 8, '2024-12-22', '21:38:00'),
(1520, 112, 1, 2, '2024-12-26', '19:05:00'),
(1521, 112, 1, 1, '2024-12-27', '21:41:00'),
(1522, 112, 1, 3, '2024-12-28', '19:48:00'),
(1523, 112, 1, 1, '2024-12-29', '21:50:00'),
(1524, 113, 1, 2, '2024-12-29', '19:52:00'),
(1525, 114, 2, 6, '2023-04-09', '19:35:00'),
(1526, 114, 2, 6, '2023-06-22', '20:50:00'),
(1527, 114, 2, 4, '2023-07-09', '13:29:00'),
(1528, 114, 2, 6, '2023-09-18', '12:27:00'),
(1529, 114, 2, 4, '2023-10-24', '21:35:00'),
(1530, 114, 2, 5, '2024-06-13', '21:07:00'),
(1531, 114, 2, 4, '2024-07-21', '20:50:00'),
(1532, 114, 2, 6, '2024-10-06', '12:05:00'),
(1533, 114, 2, 6, '2024-10-13', '21:21:00'),
(1534, 114, 2, 5, '2024-10-20', '20:23:00'),
(1535, 114, 2, 4, '2024-10-26', '19:32:00'),
(1536, 114, 2, 4, '2024-12-03', '19:53:00'),
(1537, 114, 2, 5, '2024-12-31', '19:03:00'),
(1538, 115, 1, 2, '2024-09-04', '19:44:00'),
(1539, 115, 1, 2, '2024-09-07', '19:32:00'),
(1540, 115, 1, 3, '2024-09-08', '13:28:00'),
(1541, 115, 1, 2, '2024-09-09', '19:14:00'),
(1542, 115, 1, 3, '2024-09-10', '21:50:00'),
(1543, 115, 1, 2, '2024-09-11', '21:05:00'),
(1544, 115, 2, 6, '2024-09-12', '21:41:00'),
(1545, 115, 1, 2, '2024-09-13', '13:53:00'),
(1546, 115, 1, 1, '2024-09-14', '19:35:00'),
(1547, 115, 2, 4, '2024-09-20', '21:39:00'),
(1548, 115, 1, 2, '2024-09-22', '19:44:00'),
(1549, 115, 1, 3, '2024-09-23', '12:14:00'),
(1550, 115, 1, 1, '2024-09-25', '19:22:00'),
(1551, 115, 1, 3, '2024-09-26', '21:36:00'),
(1552, 115, 1, 3, '2024-10-02', '21:52:00'),
(1553, 115, 1, 3, '2024-10-03', '13:49:00'),
(1554, 115, 1, 2, '2024-10-05', '13:54:00'),
(1555, 115, 1, 2, '2024-10-06', '13:00:00'),
(1556, 115, 1, 1, '2024-10-10', '19:00:00'),
(1557, 115, 1, 2, '2024-10-12', '12:34:00'),
(1558, 115, 1, 1, '2024-10-13', '20:49:00'),
(1559, 115, 1, 1, '2024-10-15', '12:47:00'),
(1560, 115, 1, 3, '2024-10-17', '20:34:00'),
(1561, 115, 1, 1, '2024-10-18', '19:50:00'),
(1562, 115, 2, 6, '2024-10-19', '19:56:00'),
(1563, 115, 1, 3, '2024-10-20', '13:47:00'),
(1564, 115, 1, 1, '2024-10-25', '21:51:00'),
(1565, 115, 1, 1, '2024-10-26', '20:08:00'),
(1566, 115, 1, 1, '2024-10-27', '13:44:00'),
(1567, 115, 1, 3, '2024-10-28', '19:58:00'),
(1568, 115, 1, 2, '2024-11-01', '20:32:00'),
(1569, 115, 1, 2, '2024-11-02', '20:56:00'),
(1570, 115, 1, 1, '2024-11-06', '19:45:00'),
(1571, 115, 1, 3, '2024-11-08', '19:24:00'),
(1572, 115, 1, 1, '2024-11-11', '12:32:00'),
(1573, 115, 1, 2, '2024-11-12', '20:39:00'),
(1574, 115, 1, 2, '2024-11-13', '12:17:00'),
(1575, 115, 1, 1, '2024-11-15', '20:44:00'),
(1576, 115, 1, 3, '2024-11-17', '21:17:00'),
(1577, 115, 1, 1, '2024-11-24', '21:44:00'),
(1578, 115, 1, 1, '2024-12-01', '20:32:00'),
(1579, 115, 1, 3, '2024-12-02', '21:22:00'),
(1580, 115, 1, 1, '2024-12-05', '13:49:00'),
(1581, 115, 1, 1, '2024-12-12', '21:47:00'),
(1582, 115, 1, 1, '2024-12-13', '21:13:00'),
(1583, 115, 1, 1, '2024-12-14', '21:12:00'),
(1584, 115, 1, 2, '2024-12-15', '21:26:00'),
(1585, 115, 1, 2, '2024-12-20', '20:51:00'),
(1586, 115, 1, 2, '2024-12-22', '19:02:00'),
(1587, 115, 1, 1, '2024-12-26', '13:12:00'),
(1588, 115, 1, 3, '2024-12-27', '13:26:00'),
(1589, 115, 1, 3, '2024-12-28', '20:17:00'),
(1590, 115, 1, 3, '2024-12-29', '21:02:00'),
(1591, 115, 1, 2, '2024-12-30', '20:46:00'),
(1592, 115, 1, 1, '2024-12-31', '21:56:00'),
(1593, 116, 3, 8, '2024-01-02', '21:27:00'),
(1594, 116, 3, 7, '2024-04-02', '19:51:00'),
(1595, 116, 3, 7, '2024-04-05', '19:58:00'),
(1596, 116, 3, 8, '2024-04-19', '19:09:00'),
(1597, 116, 3, 8, '2024-06-28', '13:29:00'),
(1598, 116, 3, 8, '2024-07-23', '12:11:00'),
(1599, 116, 3, 7, '2024-08-15', '13:34:00'),
(1600, 116, 3, 8, '2024-10-24', '19:20:00'),
(1601, 116, 3, 7, '2024-11-10', '20:29:00'),
(1602, 116, 3, 7, '2024-11-29', '20:46:00'),
(1603, 116, 3, 8, '2024-12-06', '19:35:00'),
(1604, 117, 1, 2, '2024-12-11', '20:43:00'),
(1605, 117, 3, 7, '2024-12-29', '21:43:00'),
(1606, 118, 2, 5, '2024-06-05', '19:12:00'),
(1607, 118, 2, 6, '2024-08-03', '12:48:00'),
(1608, 119, 2, 5, '2024-11-07', '20:04:00'),
(1609, 119, 1, 2, '2024-11-14', '19:38:00'),
(1610, 119, 2, 5, '2024-12-16', '21:48:00'),
(1611, 120, 1, 3, '2024-02-04', '19:09:00');

-- order_items (3233 rows)
INSERT INTO order_items (order_item_id, order_id, product_id, quantity) VALUES
(1, 1, 8, 1),
(2, 1, 2, 2),
(3, 2, 11, 2),
(4, 3, 10, 1),
(5, 3, 1, 1),
(6, 3, 3, 2),
(7, 4, 8, 1),
(8, 4, 6, 1),
(9, 4, 7, 1),
(10, 4, 11, 1),
(11, 5, 2, 1),
(12, 6, 1, 1),
(13, 6, 11, 1),
(14, 6, 9, 1),
(15, 7, 9, 1),
(16, 8, 11, 1),
(17, 9, 2, 3),
(18, 9, 4, 2),
(19, 10, 12, 1),
(20, 10, 5, 1),
(21, 11, 7, 2),
(22, 11, 4, 1),
(23, 12, 9, 1),
(24, 13, 11, 2),
(25, 13, 8, 1),
(26, 14, 6, 3),
(27, 14, 4, 1),
(28, 15, 8, 1),
(29, 16, 8, 3),
(30, 16, 1, 1),
(31, 16, 3, 1),
(32, 16, 9, 2),
(33, 17, 11, 3),
(34, 18, 7, 1),
(35, 18, 11, 1),
(36, 19, 8, 1),
(37, 19, 9, 1),
(38, 20, 2, 2),
(39, 21, 1, 1),
(40, 22, 9, 1),
(41, 23, 7, 1),
(42, 23, 10, 1),
(43, 24, 11, 2),
(44, 24, 1, 1),
(45, 25, 10, 1),
(46, 25, 5, 1),
(47, 25, 7, 3),
(48, 25, 11, 2),
(49, 26, 12, 1),
(50, 27, 12, 2),
(51, 27, 8, 1),
(52, 27, 5, 2),
(53, 28, 11, 1),
(54, 28, 12, 2),
(55, 28, 3, 1),
(56, 29, 2, 1),
(57, 29, 5, 1),
(58, 30, 5, 1),
(59, 30, 3, 2),
(60, 31, 8, 2),
(61, 31, 2, 1),
(62, 31, 3, 1),
(63, 32, 7, 1),
(64, 32, 1, 1),
(65, 33, 11, 1),
(66, 33, 6, 1),
(67, 34, 4, 1),
(68, 34, 11, 1),
(69, 34, 2, 1),
(70, 35, 8, 1),
(71, 36, 12, 1),
(72, 36, 9, 1),
(73, 37, 5, 1),
(74, 37, 1, 1),
(75, 38, 6, 1),
(76, 38, 9, 1),
(77, 38, 12, 1),
(78, 38, 1, 2),
(79, 39, 1, 2),
(80, 39, 12, 1),
(81, 40, 4, 2),
(82, 41, 3, 3),
(83, 42, 3, 2),
(84, 42, 1, 1),
(85, 42, 6, 1),
(86, 43, 12, 1),
(87, 43, 2, 2),
(88, 44, 1, 1),
(89, 44, 11, 3),
(90, 44, 9, 1),
(91, 44, 5, 1),
(92, 45, 2, 1),
(93, 45, 12, 1),
(94, 45, 6, 1),
(95, 46, 9, 1),
(96, 46, 5, 1),
(97, 46, 8, 1),
(98, 46, 12, 2),
(99, 47, 4, 1),
(100, 47, 7, 1),
(101, 48, 6, 1),
(102, 48, 3, 1),
(103, 49, 6, 1),
(104, 49, 3, 1),
(105, 50, 11, 2),
(106, 50, 7, 1),
(107, 51, 8, 1),
(108, 52, 10, 2),
(109, 52, 4, 3),
(110, 52, 7, 2),
(111, 53, 12, 1),
(112, 53, 5, 1),
(113, 53, 1, 1),
(114, 54, 7, 1),
(115, 54, 2, 1),
(116, 55, 6, 2),
(117, 56, 8, 1),
(118, 56, 9, 1),
(119, 57, 4, 2),
(120, 58, 7, 1),
(121, 58, 3, 1),
(122, 59, 12, 1),
(123, 60, 10, 1),
(124, 60, 7, 1),
(125, 61, 10, 1),
(126, 61, 3, 1),
(127, 61, 6, 1),
(128, 61, 2, 3),
(129, 62, 5, 2),
(130, 62, 9, 1),
(131, 62, 7, 2),
(132, 62, 6, 1),
(133, 63, 6, 1),
(134, 63, 1, 1),
(135, 64, 3, 1),
(136, 65, 9, 2),
(137, 65, 1, 1),
(138, 65, 6, 1),
(139, 66, 3, 1),
(140, 66, 8, 1),
(141, 66, 1, 1),
(142, 67, 4, 1),
(143, 68, 10, 1),
(144, 68, 8, 1),
(145, 69, 3, 1),
(146, 69, 5, 2),
(147, 69, 1, 1),
(148, 70, 3, 1),
(149, 71, 6, 1),
(150, 71, 1, 1),
(151, 71, 7, 1),
(152, 72, 11, 1),
(153, 72, 6, 1),
(154, 72, 3, 2),
(155, 73, 1, 1),
(156, 73, 2, 1),
(157, 74, 5, 1),
(158, 74, 4, 1),
(159, 75, 8, 1),
(160, 76, 7, 1),
(161, 77, 9, 1),
(162, 77, 6, 1),
(163, 78, 8, 1),
(164, 78, 1, 3),
(165, 79, 12, 1),
(166, 80, 6, 1),
(167, 81, 12, 1),
(168, 81, 8, 2),
(169, 82, 1, 2),
(170, 83, 9, 1),
(171, 83, 8, 2),
(172, 84, 6, 2),
(173, 84, 5, 1),
(174, 84, 2, 1),
(175, 85, 8, 2),
(176, 85, 6, 1),
(177, 86, 3, 1),
(178, 86, 9, 1),
(179, 87, 3, 1),
(180, 87, 8, 1),
(181, 88, 1, 1),
(182, 88, 2, 1),
(183, 89, 10, 1),
(184, 90, 7, 1),
(185, 90, 10, 1),
(186, 91, 9, 1),
(187, 91, 6, 1),
(188, 92, 7, 1),
(189, 92, 9, 2),
(190, 93, 8, 1),
(191, 93, 4, 2),
(192, 94, 6, 1),
(193, 94, 11, 1),
(194, 94, 12, 1),
(195, 95, 6, 1),
(196, 95, 9, 3),
(197, 96, 10, 1),
(198, 96, 6, 3),
(199, 97, 11, 1),
(200, 97, 2, 1),
(201, 97, 8, 2),
(202, 97, 10, 2),
(203, 98, 1, 1),
(204, 98, 2, 1),
(205, 99, 9, 1),
(206, 100, 10, 1),
(207, 101, 10, 1),
(208, 101, 8, 1),
(209, 102, 12, 1),
(210, 103, 7, 2),
(211, 103, 9, 2),
(212, 104, 9, 3),
(213, 104, 6, 1),
(214, 105, 11, 1),
(215, 105, 12, 1),
(216, 106, 4, 2),
(217, 106, 5, 1),
(218, 107, 12, 1),
(219, 107, 5, 1),
(220, 108, 3, 3),
(221, 108, 5, 1),
(222, 108, 1, 2),
(223, 108, 11, 1),
(224, 109, 12, 1),
(225, 109, 5, 1),
(226, 109, 3, 1),
(227, 109, 2, 1),
(228, 110, 12, 1),
(229, 110, 8, 2),
(230, 111, 8, 1),
(231, 111, 12, 2),
(232, 112, 4, 1),
(233, 112, 9, 2),
(234, 113, 1, 2),
(235, 113, 7, 3),
(236, 113, 8, 2),
(237, 113, 3, 2),
(238, 114, 11, 1),
(239, 115, 2, 1),
(240, 116, 6, 2),
(241, 117, 9, 1),
(242, 117, 6, 1),
(243, 117, 2, 3),
(244, 118, 8, 3),
(245, 118, 5, 1),
(246, 119, 1, 1),
(247, 119, 11, 1),
(248, 120, 11, 1),
(249, 120, 5, 1),
(250, 121, 12, 2),
(251, 121, 9, 2),
(252, 122, 10, 1),
(253, 122, 2, 1),
(254, 123, 9, 1),
(255, 123, 4, 1),
(256, 123, 10, 2),
(257, 124, 9, 1),
(258, 125, 9, 1),
(259, 125, 8, 1),
(260, 126, 1, 1),
(261, 126, 7, 1),
(262, 127, 3, 2),
(263, 128, 7, 2),
(264, 128, 8, 2),
(265, 129, 6, 1),
(266, 129, 2, 1),
(267, 130, 5, 1),
(268, 130, 8, 1),
(269, 130, 9, 1),
(270, 131, 11, 1),
(271, 132, 2, 1),
(272, 133, 1, 1),
(273, 134, 5, 1),
(274, 135, 3, 3),
(275, 136, 10, 1),
(276, 136, 3, 1),
(277, 137, 6, 1),
(278, 137, 7, 1),
(279, 137, 11, 2),
(280, 138, 1, 3),
(281, 138, 9, 1),
(282, 138, 7, 1),
(283, 139, 6, 1),
(284, 139, 2, 1),
(285, 139, 9, 1),
(286, 140, 10, 1),
(287, 141, 1, 1),
(288, 142, 12, 1),
(289, 142, 10, 1),
(290, 142, 4, 1),
(291, 143, 6, 1),
(292, 144, 6, 1),
(293, 144, 4, 1),
(294, 144, 12, 2),
(295, 145, 4, 1),
(296, 146, 8, 3),
(297, 147, 12, 1),
(298, 148, 2, 1),
(299, 148, 11, 1),
(300, 149, 9, 1),
(301, 150, 1, 1),
(302, 150, 12, 1),
(303, 151, 12, 1),
(304, 152, 4, 1),
(305, 152, 12, 1),
(306, 153, 2, 1),
(307, 154, 6, 1),
(308, 155, 2, 1),
(309, 155, 5, 1),
(310, 155, 3, 2),
(311, 156, 12, 1),
(312, 157, 2, 1),
(313, 157, 6, 1),
(314, 158, 8, 1),
(315, 158, 12, 1),
(316, 159, 10, 2),
(317, 159, 5, 1),
(318, 160, 7, 1),
(319, 161, 5, 1),
(320, 161, 2, 1),
(321, 162, 6, 1),
(322, 163, 7, 1),
(323, 164, 3, 1),
(324, 164, 11, 1),
(325, 165, 11, 1),
(326, 165, 4, 3),
(327, 166, 2, 1),
(328, 166, 4, 1),
(329, 167, 10, 2),
(330, 167, 3, 2),
(331, 168, 3, 3),
(332, 168, 6, 1),
(333, 169, 3, 3),
(334, 169, 7, 2),
(335, 169, 1, 1),
(336, 170, 11, 1),
(337, 170, 7, 1),
(338, 170, 8, 1),
(339, 171, 12, 1),
(340, 171, 5, 2),
(341, 172, 12, 1),
(342, 172, 2, 1),
(343, 172, 8, 2),
(344, 173, 6, 1),
(345, 173, 5, 1),
(346, 174, 1, 1),
(347, 174, 2, 2),
(348, 174, 8, 1),
(349, 175, 3, 2),
(350, 175, 11, 2),
(351, 175, 5, 1),
(352, 175, 12, 1),
(353, 176, 11, 1),
(354, 177, 1, 1),
(355, 177, 4, 1),
(356, 178, 2, 1),
(357, 178, 7, 1),
(358, 179, 6, 2),
(359, 180, 11, 1),
(360, 180, 3, 1),
(361, 181, 12, 1),
(362, 182, 2, 1),
(363, 183, 3, 1),
(364, 184, 5, 2),
(365, 184, 1, 1),
(366, 185, 5, 1),
(367, 185, 11, 2),
(368, 186, 2, 2),
(369, 186, 9, 1),
(370, 187, 9, 1),
(371, 187, 11, 1),
(372, 188, 1, 2),
(373, 189, 7, 1),
(374, 189, 12, 1),
(375, 190, 9, 2),
(376, 191, 11, 1),
(377, 191, 12, 1),
(378, 192, 7, 1),
(379, 193, 3, 1),
(380, 193, 2, 1),
(381, 194, 12, 1),
(382, 194, 5, 1),
(383, 195, 1, 1),
(384, 195, 6, 1),
(385, 195, 7, 1),
(386, 196, 8, 1),
(387, 196, 10, 1),
(388, 197, 12, 1),
(389, 198, 7, 1),
(390, 198, 3, 3),
(391, 199, 4, 1),
(392, 199, 6, 2),
(393, 200, 11, 2),
(394, 201, 8, 2),
(395, 202, 6, 1),
(396, 202, 4, 2),
(397, 203, 4, 1),
(398, 203, 9, 1),
(399, 203, 12, 1),
(400, 203, 3, 1),
(401, 204, 7, 1),
(402, 204, 5, 3),
(403, 204, 2, 1),
(404, 205, 9, 1),
(405, 205, 7, 1),
(406, 205, 6, 1),
(407, 206, 1, 1),
(408, 206, 7, 1),
(409, 207, 12, 1),
(410, 207, 6, 1),
(411, 208, 2, 1),
(412, 209, 6, 1),
(413, 209, 11, 1),
(414, 209, 2, 2),
(415, 210, 3, 2),
(416, 210, 2, 2),
(417, 211, 10, 1),
(418, 212, 6, 2),
(419, 212, 4, 1),
(420, 213, 11, 1),
(421, 213, 5, 2),
(422, 214, 11, 1),
(423, 214, 9, 3),
(424, 215, 9, 1),
(425, 215, 8, 1),
(426, 216, 1, 1),
(427, 216, 5, 3),
(428, 217, 11, 1),
(429, 218, 4, 1),
(430, 218, 10, 2),
(431, 218, 7, 2),
(432, 219, 10, 1),
(433, 219, 1, 1),
(434, 220, 3, 1),
(435, 220, 8, 1),
(436, 221, 10, 1),
(437, 222, 12, 3),
(438, 223, 10, 2),
(439, 224, 1, 2),
(440, 225, 10, 1),
(441, 226, 8, 1),
(442, 227, 2, 1),
(443, 227, 11, 2),
(444, 228, 5, 2),
(445, 229, 3, 1),
(446, 229, 7, 1),
(447, 230, 2, 1),
(448, 230, 1, 1),
(449, 231, 11, 1),
(450, 231, 5, 1),
(451, 232, 5, 1),
(452, 232, 8, 1),
(453, 233, 2, 1),
(454, 233, 11, 1),
(455, 234, 7, 1),
(456, 234, 9, 1),
(457, 234, 8, 1),
(458, 235, 9, 1),
(459, 235, 10, 1),
(460, 236, 4, 1),
(461, 236, 3, 1),
(462, 236, 1, 1),
(463, 236, 7, 2),
(464, 237, 2, 1),
(465, 237, 12, 1),
(466, 237, 7, 2),
(467, 238, 9, 1),
(468, 238, 7, 1),
(469, 239, 2, 2),
(470, 239, 5, 2),
(471, 240, 8, 1),
(472, 240, 1, 1),
(473, 241, 6, 1),
(474, 241, 4, 1),
(475, 242, 8, 2),
(476, 243, 12, 1),
(477, 244, 4, 1),
(478, 244, 8, 2),
(479, 245, 9, 1),
(480, 245, 3, 1),
(481, 245, 2, 1),
(482, 246, 2, 1),
(483, 246, 11, 1),
(484, 247, 6, 1),
(485, 247, 12, 2),
(486, 248, 3, 2),
(487, 248, 10, 1),
(488, 249, 9, 2),
(489, 249, 1, 3),
(490, 250, 1, 1),
(491, 250, 4, 2),
(492, 251, 5, 1),
(493, 251, 11, 1),
(494, 251, 12, 1),
(495, 252, 11, 1),
(496, 252, 3, 1),
(497, 253, 10, 2),
(498, 253, 12, 1),
(499, 254, 11, 1),
(500, 254, 6, 1);

INSERT INTO order_items (order_item_id, order_id, product_id, quantity) VALUES
(501, 254, 9, 1),
(502, 255, 12, 2),
(503, 255, 9, 1),
(504, 256, 12, 1),
(505, 256, 5, 2),
(506, 257, 11, 1),
(507, 257, 10, 1),
(508, 258, 7, 2),
(509, 258, 1, 1),
(510, 259, 12, 1),
(511, 260, 1, 1),
(512, 260, 8, 2),
(513, 261, 1, 1),
(514, 261, 9, 1),
(515, 262, 1, 1),
(516, 263, 5, 1),
(517, 263, 12, 1),
(518, 263, 8, 1),
(519, 264, 4, 2),
(520, 264, 3, 2),
(521, 265, 9, 1),
(522, 266, 1, 1),
(523, 266, 2, 1),
(524, 266, 7, 1),
(525, 267, 7, 1),
(526, 268, 2, 1),
(527, 269, 11, 2),
(528, 269, 8, 2),
(529, 269, 3, 1),
(530, 270, 5, 1),
(531, 270, 12, 1),
(532, 271, 6, 1),
(533, 271, 7, 2),
(534, 271, 2, 1),
(535, 272, 8, 1),
(536, 272, 10, 1),
(537, 273, 8, 2),
(538, 273, 5, 1),
(539, 274, 10, 1),
(540, 274, 1, 1),
(541, 274, 3, 2),
(542, 275, 11, 1),
(543, 276, 9, 1),
(544, 276, 12, 1),
(545, 276, 10, 1),
(546, 277, 9, 1),
(547, 277, 10, 2),
(548, 277, 1, 1),
(549, 278, 8, 1),
(550, 279, 7, 1),
(551, 280, 11, 1),
(552, 280, 5, 1),
(553, 280, 9, 3),
(554, 280, 10, 1),
(555, 281, 10, 1),
(556, 281, 12, 1),
(557, 282, 10, 1),
(558, 283, 9, 1),
(559, 283, 2, 1),
(560, 283, 12, 1),
(561, 283, 3, 1),
(562, 284, 10, 1),
(563, 285, 11, 2),
(564, 285, 10, 1),
(565, 286, 9, 1),
(566, 286, 5, 1),
(567, 287, 5, 1),
(568, 287, 11, 1),
(569, 288, 11, 1),
(570, 288, 2, 1),
(571, 289, 12, 2),
(572, 290, 3, 1),
(573, 290, 1, 1),
(574, 291, 10, 2),
(575, 291, 4, 1),
(576, 292, 2, 1),
(577, 292, 9, 1),
(578, 293, 6, 1),
(579, 293, 9, 1),
(580, 293, 2, 1),
(581, 294, 1, 1),
(582, 294, 8, 1),
(583, 294, 3, 1),
(584, 295, 12, 1),
(585, 296, 1, 1),
(586, 297, 12, 2),
(587, 298, 3, 1),
(588, 299, 1, 1),
(589, 299, 9, 1),
(590, 299, 8, 1),
(591, 300, 6, 1),
(592, 300, 3, 1),
(593, 300, 4, 1),
(594, 300, 2, 1),
(595, 301, 10, 1),
(596, 302, 4, 1),
(597, 303, 6, 1),
(598, 303, 8, 1),
(599, 304, 5, 2),
(600, 304, 3, 1),
(601, 305, 9, 2),
(602, 305, 11, 1),
(603, 305, 1, 2),
(604, 306, 9, 1),
(605, 306, 8, 1),
(606, 306, 3, 2),
(607, 307, 7, 1),
(608, 307, 6, 1),
(609, 308, 9, 1),
(610, 309, 3, 1),
(611, 309, 8, 2),
(612, 309, 6, 1),
(613, 310, 6, 1),
(614, 310, 7, 1),
(615, 311, 9, 2),
(616, 311, 11, 2),
(617, 312, 6, 1),
(618, 312, 10, 2),
(619, 313, 6, 1),
(620, 313, 12, 1),
(621, 314, 2, 1),
(622, 315, 2, 1),
(623, 315, 11, 2),
(624, 316, 3, 1),
(625, 317, 3, 1),
(626, 317, 11, 2),
(627, 318, 7, 3),
(628, 318, 10, 1),
(629, 319, 4, 2),
(630, 319, 8, 1),
(631, 319, 10, 2),
(632, 319, 11, 1),
(633, 320, 5, 1),
(634, 320, 3, 1),
(635, 321, 2, 1),
(636, 321, 1, 2),
(637, 322, 8, 2),
(638, 323, 2, 2),
(639, 323, 8, 1),
(640, 323, 3, 1),
(641, 324, 1, 1),
(642, 324, 9, 2),
(643, 325, 12, 1),
(644, 325, 10, 1),
(645, 325, 2, 2),
(646, 326, 4, 1),
(647, 326, 1, 2),
(648, 327, 12, 1),
(649, 327, 6, 1),
(650, 328, 6, 1),
(651, 328, 10, 1),
(652, 329, 6, 1),
(653, 329, 9, 1),
(654, 330, 11, 1),
(655, 330, 2, 1),
(656, 331, 6, 1),
(657, 331, 9, 1),
(658, 332, 3, 1),
(659, 332, 8, 1),
(660, 332, 10, 1),
(661, 333, 9, 1),
(662, 333, 5, 1),
(663, 334, 11, 2),
(664, 335, 2, 1),
(665, 335, 12, 1),
(666, 336, 4, 1),
(667, 337, 9, 1),
(668, 337, 2, 1),
(669, 338, 10, 3),
(670, 338, 5, 1),
(671, 338, 8, 2),
(672, 339, 10, 1),
(673, 339, 1, 1),
(674, 340, 5, 1),
(675, 341, 2, 1),
(676, 342, 9, 1),
(677, 342, 1, 1),
(678, 342, 8, 2),
(679, 343, 9, 1),
(680, 344, 9, 1),
(681, 344, 1, 1),
(682, 345, 1, 1),
(683, 346, 5, 1),
(684, 346, 3, 1),
(685, 347, 4, 1),
(686, 347, 7, 1),
(687, 348, 11, 2),
(688, 348, 4, 1),
(689, 348, 2, 2),
(690, 348, 5, 1),
(691, 349, 8, 1),
(692, 350, 5, 2),
(693, 350, 12, 1),
(694, 350, 9, 1),
(695, 351, 2, 1),
(696, 351, 8, 1),
(697, 351, 6, 1),
(698, 352, 11, 1),
(699, 352, 10, 1),
(700, 353, 6, 1),
(701, 354, 5, 2),
(702, 354, 8, 2),
(703, 355, 1, 1),
(704, 356, 4, 1),
(705, 356, 3, 1),
(706, 357, 2, 1),
(707, 357, 12, 1),
(708, 358, 8, 1),
(709, 358, 9, 1),
(710, 358, 5, 2),
(711, 359, 10, 1),
(712, 359, 7, 1),
(713, 360, 8, 1),
(714, 360, 5, 1),
(715, 360, 6, 1),
(716, 361, 9, 1),
(717, 362, 11, 1),
(718, 363, 3, 1),
(719, 364, 12, 1),
(720, 365, 7, 1),
(721, 366, 6, 1),
(722, 366, 2, 2),
(723, 366, 3, 1),
(724, 367, 1, 1),
(725, 367, 2, 3),
(726, 367, 4, 1),
(727, 368, 4, 1),
(728, 368, 8, 3),
(729, 369, 9, 1),
(730, 369, 2, 1),
(731, 369, 5, 2),
(732, 369, 8, 2),
(733, 370, 3, 2),
(734, 371, 10, 1),
(735, 371, 8, 1),
(736, 371, 12, 1),
(737, 371, 3, 1),
(738, 372, 6, 1),
(739, 373, 9, 2),
(740, 374, 12, 1),
(741, 375, 11, 1),
(742, 375, 8, 1),
(743, 375, 9, 1),
(744, 376, 2, 2),
(745, 376, 8, 1),
(746, 377, 1, 1),
(747, 377, 10, 1),
(748, 377, 5, 2),
(749, 378, 4, 1),
(750, 379, 3, 1),
(751, 379, 9, 1),
(752, 380, 11, 2),
(753, 380, 7, 1),
(754, 381, 10, 1),
(755, 382, 11, 2),
(756, 382, 7, 1),
(757, 383, 5, 1),
(758, 383, 6, 1),
(759, 383, 8, 1),
(760, 384, 4, 1),
(761, 385, 9, 2),
(762, 385, 12, 1),
(763, 385, 10, 1),
(764, 386, 5, 2),
(765, 387, 12, 2),
(766, 387, 6, 1),
(767, 388, 5, 1),
(768, 388, 1, 1),
(769, 389, 7, 1),
(770, 390, 10, 1),
(771, 390, 1, 1),
(772, 391, 6, 1),
(773, 391, 9, 1),
(774, 392, 8, 1),
(775, 392, 10, 1),
(776, 393, 2, 1),
(777, 393, 12, 1),
(778, 393, 1, 1),
(779, 394, 8, 1),
(780, 395, 10, 1),
(781, 395, 3, 1),
(782, 396, 1, 1),
(783, 397, 1, 1),
(784, 397, 2, 1),
(785, 398, 11, 1),
(786, 399, 10, 1),
(787, 399, 9, 1),
(788, 400, 9, 1),
(789, 401, 6, 1),
(790, 401, 11, 3),
(791, 402, 1, 1),
(792, 402, 9, 1),
(793, 402, 5, 1),
(794, 403, 10, 1),
(795, 403, 3, 1),
(796, 404, 10, 1),
(797, 404, 9, 1),
(798, 405, 3, 2),
(799, 405, 11, 2),
(800, 406, 3, 1),
(801, 407, 12, 2),
(802, 408, 10, 1),
(803, 408, 7, 2),
(804, 408, 6, 1),
(805, 409, 8, 2),
(806, 409, 12, 1),
(807, 410, 9, 3),
(808, 410, 11, 1),
(809, 411, 7, 1),
(810, 411, 5, 1),
(811, 412, 9, 1),
(812, 413, 6, 1),
(813, 413, 8, 1),
(814, 414, 6, 1),
(815, 415, 8, 1),
(816, 416, 7, 2),
(817, 416, 1, 2),
(818, 417, 3, 1),
(819, 417, 1, 1),
(820, 417, 7, 3),
(821, 418, 1, 1),
(822, 418, 10, 2),
(823, 418, 5, 1),
(824, 418, 12, 1),
(825, 419, 8, 1),
(826, 419, 2, 1),
(827, 420, 3, 1),
(828, 421, 2, 1),
(829, 422, 12, 1),
(830, 422, 10, 1),
(831, 423, 5, 1),
(832, 424, 12, 3),
(833, 425, 12, 1),
(834, 425, 5, 2),
(835, 426, 10, 1),
(836, 426, 12, 1),
(837, 426, 8, 1),
(838, 427, 1, 1),
(839, 427, 2, 1),
(840, 427, 12, 2),
(841, 427, 8, 2),
(842, 428, 7, 1),
(843, 429, 6, 2),
(844, 430, 3, 1),
(845, 431, 7, 1),
(846, 431, 1, 1),
(847, 431, 9, 1),
(848, 432, 6, 1),
(849, 432, 1, 1),
(850, 433, 5, 1),
(851, 434, 1, 2),
(852, 434, 8, 1),
(853, 435, 6, 1),
(854, 436, 4, 1),
(855, 436, 1, 1),
(856, 436, 8, 1),
(857, 436, 7, 2),
(858, 437, 12, 2),
(859, 437, 10, 1),
(860, 438, 4, 1),
(861, 439, 2, 1),
(862, 439, 8, 1),
(863, 440, 3, 1),
(864, 440, 10, 1),
(865, 440, 5, 1),
(866, 440, 6, 2),
(867, 441, 6, 1),
(868, 441, 8, 1),
(869, 442, 12, 1),
(870, 442, 2, 1),
(871, 443, 4, 1),
(872, 444, 7, 2),
(873, 444, 10, 1),
(874, 445, 10, 1),
(875, 446, 2, 1),
(876, 446, 10, 1),
(877, 446, 12, 1),
(878, 446, 7, 1),
(879, 447, 11, 1),
(880, 447, 3, 1),
(881, 447, 8, 1),
(882, 448, 11, 2),
(883, 448, 5, 2),
(884, 449, 9, 2),
(885, 449, 7, 2),
(886, 450, 6, 2),
(887, 450, 2, 2),
(888, 451, 7, 1),
(889, 451, 12, 1),
(890, 452, 6, 1),
(891, 452, 7, 2),
(892, 452, 3, 1),
(893, 453, 3, 1),
(894, 453, 2, 2),
(895, 454, 8, 1),
(896, 454, 9, 2),
(897, 455, 10, 3),
(898, 455, 8, 1),
(899, 456, 2, 2),
(900, 456, 9, 1),
(901, 457, 9, 1),
(902, 457, 10, 1),
(903, 458, 8, 1),
(904, 458, 10, 1),
(905, 459, 4, 1),
(906, 459, 10, 1),
(907, 460, 11, 2),
(908, 460, 10, 1),
(909, 461, 2, 1),
(910, 461, 11, 3),
(911, 462, 2, 1),
(912, 463, 5, 1),
(913, 463, 3, 2),
(914, 463, 8, 1),
(915, 463, 2, 1),
(916, 464, 11, 1),
(917, 465, 12, 1),
(918, 466, 1, 1),
(919, 466, 11, 1),
(920, 467, 8, 1),
(921, 467, 12, 2),
(922, 468, 12, 2),
(923, 469, 5, 1),
(924, 470, 6, 2),
(925, 470, 2, 2),
(926, 471, 11, 2),
(927, 471, 4, 1),
(928, 471, 5, 1),
(929, 471, 7, 1),
(930, 472, 12, 3),
(931, 473, 8, 3),
(932, 473, 9, 2),
(933, 474, 1, 1),
(934, 474, 7, 1),
(935, 474, 2, 1),
(936, 475, 1, 1),
(937, 475, 3, 1),
(938, 475, 8, 2),
(939, 476, 1, 2),
(940, 477, 2, 1),
(941, 477, 12, 2),
(942, 477, 11, 1),
(943, 478, 6, 3),
(944, 478, 2, 1),
(945, 479, 10, 1),
(946, 479, 3, 1),
(947, 479, 6, 2),
(948, 480, 10, 1),
(949, 481, 1, 1),
(950, 481, 8, 1),
(951, 481, 2, 1),
(952, 482, 8, 1),
(953, 482, 3, 1),
(954, 482, 4, 1),
(955, 483, 12, 1),
(956, 483, 8, 1),
(957, 484, 4, 3),
(958, 484, 2, 3),
(959, 485, 11, 1),
(960, 486, 8, 1),
(961, 486, 12, 1),
(962, 487, 6, 2),
(963, 487, 10, 2),
(964, 488, 1, 1),
(965, 489, 6, 1),
(966, 489, 7, 1),
(967, 490, 12, 1),
(968, 491, 1, 1),
(969, 491, 7, 2),
(970, 492, 11, 3),
(971, 492, 6, 1),
(972, 493, 8, 1),
(973, 494, 11, 2),
(974, 494, 10, 1),
(975, 495, 4, 1),
(976, 495, 10, 1),
(977, 496, 7, 1),
(978, 497, 7, 3),
(979, 497, 1, 1),
(980, 497, 11, 1),
(981, 498, 8, 1),
(982, 498, 12, 2),
(983, 498, 4, 1),
(984, 499, 2, 1),
(985, 500, 1, 1),
(986, 500, 8, 1),
(987, 501, 12, 1),
(988, 501, 11, 1),
(989, 502, 2, 1),
(990, 502, 7, 1),
(991, 502, 6, 1),
(992, 503, 6, 1),
(993, 504, 4, 2),
(994, 504, 6, 1),
(995, 504, 11, 1),
(996, 505, 2, 1),
(997, 505, 8, 1),
(998, 506, 11, 1),
(999, 507, 5, 1),
(1000, 507, 4, 2);

INSERT INTO order_items (order_item_id, order_id, product_id, quantity) VALUES
(1001, 508, 6, 1),
(1002, 508, 11, 1),
(1003, 509, 5, 1),
(1004, 509, 10, 2),
(1005, 510, 1, 1),
(1006, 510, 3, 1),
(1007, 510, 6, 2),
(1008, 510, 5, 1),
(1009, 511, 3, 1),
(1010, 512, 9, 1),
(1011, 512, 12, 1),
(1012, 513, 3, 2),
(1013, 514, 10, 1),
(1014, 514, 9, 1),
(1015, 514, 6, 1),
(1016, 515, 5, 1),
(1017, 515, 3, 3),
(1018, 516, 8, 2),
(1019, 517, 1, 1),
(1020, 517, 8, 1),
(1021, 518, 10, 2),
(1022, 518, 4, 1),
(1023, 518, 12, 1),
(1024, 519, 3, 2),
(1025, 520, 10, 2),
(1026, 521, 9, 2),
(1027, 521, 1, 2),
(1028, 521, 2, 2),
(1029, 522, 2, 2),
(1030, 522, 3, 3),
(1031, 523, 6, 1),
(1032, 523, 2, 1),
(1033, 523, 8, 2),
(1034, 524, 2, 1),
(1035, 525, 7, 1),
(1036, 526, 6, 1),
(1037, 526, 3, 1),
(1038, 526, 1, 1),
(1039, 526, 8, 1),
(1040, 527, 12, 3),
(1041, 527, 3, 1),
(1042, 527, 2, 1),
(1043, 527, 6, 3),
(1044, 528, 12, 2),
(1045, 529, 6, 3),
(1046, 529, 8, 1),
(1047, 529, 10, 1),
(1048, 529, 7, 1),
(1049, 530, 1, 1),
(1050, 530, 2, 1),
(1051, 530, 12, 1),
(1052, 530, 11, 1),
(1053, 531, 11, 2),
(1054, 531, 9, 1),
(1055, 531, 8, 1),
(1056, 532, 1, 2),
(1057, 532, 7, 1),
(1058, 533, 3, 1),
(1059, 534, 3, 1),
(1060, 534, 5, 1),
(1061, 535, 10, 1),
(1062, 535, 8, 2),
(1063, 536, 10, 1),
(1064, 536, 11, 1),
(1065, 536, 6, 1),
(1066, 536, 5, 2),
(1067, 537, 2, 1),
(1068, 538, 11, 1),
(1069, 539, 3, 1),
(1070, 540, 7, 1),
(1071, 540, 5, 1),
(1072, 541, 2, 2),
(1073, 542, 11, 1),
(1074, 542, 6, 1),
(1075, 543, 9, 1),
(1076, 543, 4, 1),
(1077, 543, 5, 1),
(1078, 544, 2, 1),
(1079, 544, 10, 1),
(1080, 544, 6, 1),
(1081, 545, 9, 1),
(1082, 545, 5, 1),
(1083, 545, 7, 1),
(1084, 546, 1, 1),
(1085, 547, 12, 1),
(1086, 547, 8, 1),
(1087, 548, 12, 1),
(1088, 548, 11, 1),
(1089, 548, 1, 1),
(1090, 548, 9, 1),
(1091, 549, 2, 2),
(1092, 549, 11, 1),
(1093, 549, 4, 1),
(1094, 550, 3, 1),
(1095, 551, 7, 1),
(1096, 551, 12, 1),
(1097, 552, 3, 2),
(1098, 552, 11, 3),
(1099, 553, 5, 2),
(1100, 554, 11, 3),
(1101, 554, 4, 2),
(1102, 555, 10, 1),
(1103, 556, 11, 1),
(1104, 556, 4, 1),
(1105, 556, 5, 3),
(1106, 557, 8, 2),
(1107, 557, 7, 1),
(1108, 557, 1, 3),
(1109, 558, 3, 2),
(1110, 559, 1, 2),
(1111, 559, 5, 2),
(1112, 560, 2, 1),
(1113, 560, 3, 1),
(1114, 561, 8, 2),
(1115, 561, 1, 1),
(1116, 562, 4, 1),
(1117, 563, 11, 2),
(1118, 563, 3, 1),
(1119, 564, 3, 1),
(1120, 565, 3, 2),
(1121, 565, 7, 2),
(1122, 566, 11, 1),
(1123, 566, 2, 1),
(1124, 566, 6, 1),
(1125, 567, 2, 1),
(1126, 568, 1, 3),
(1127, 568, 6, 1),
(1128, 569, 1, 2),
(1129, 570, 10, 1),
(1130, 570, 7, 1),
(1131, 571, 4, 1),
(1132, 572, 5, 1),
(1133, 573, 6, 1),
(1134, 573, 11, 1),
(1135, 574, 10, 1),
(1136, 575, 7, 1),
(1137, 575, 2, 1),
(1138, 576, 8, 1),
(1139, 577, 8, 1),
(1140, 578, 5, 1),
(1141, 578, 10, 1),
(1142, 579, 11, 1),
(1143, 580, 1, 1),
(1144, 580, 2, 1),
(1145, 580, 8, 1),
(1146, 581, 8, 1),
(1147, 581, 11, 2),
(1148, 582, 2, 1),
(1149, 583, 1, 1),
(1150, 583, 7, 1),
(1151, 584, 10, 1),
(1152, 584, 8, 3),
(1153, 584, 5, 1),
(1154, 584, 6, 2),
(1155, 585, 12, 1),
(1156, 585, 4, 1),
(1157, 585, 1, 1),
(1158, 586, 5, 2),
(1159, 587, 12, 1),
(1160, 587, 8, 2),
(1161, 587, 11, 1),
(1162, 588, 1, 1),
(1163, 589, 10, 3),
(1164, 589, 9, 1),
(1165, 590, 8, 1),
(1166, 590, 4, 1),
(1167, 590, 1, 1),
(1168, 590, 9, 1),
(1169, 591, 11, 1),
(1170, 591, 6, 1),
(1171, 592, 9, 1),
(1172, 592, 4, 1),
(1173, 593, 7, 2),
(1174, 593, 12, 1),
(1175, 594, 5, 1),
(1176, 594, 2, 1),
(1177, 595, 8, 1),
(1178, 595, 5, 3),
(1179, 595, 4, 1),
(1180, 595, 10, 1),
(1181, 596, 2, 1),
(1182, 597, 6, 2),
(1183, 597, 12, 2),
(1184, 598, 10, 1),
(1185, 598, 11, 2),
(1186, 598, 2, 1),
(1187, 599, 10, 1),
(1188, 599, 2, 1),
(1189, 599, 9, 1),
(1190, 600, 8, 2),
(1191, 601, 3, 2),
(1192, 601, 2, 1),
(1193, 602, 9, 1),
(1194, 603, 4, 2),
(1195, 603, 3, 1),
(1196, 604, 8, 2),
(1197, 604, 9, 1),
(1198, 604, 6, 2),
(1199, 605, 8, 1),
(1200, 605, 11, 1),
(1201, 606, 11, 2),
(1202, 606, 7, 1),
(1203, 606, 4, 1),
(1204, 607, 9, 1),
(1205, 607, 5, 1),
(1206, 608, 9, 1),
(1207, 609, 2, 1),
(1208, 609, 1, 1),
(1209, 609, 6, 1),
(1210, 609, 5, 1),
(1211, 610, 3, 2),
(1212, 610, 7, 1),
(1213, 611, 6, 1),
(1214, 611, 11, 1),
(1215, 612, 7, 1),
(1216, 612, 8, 2),
(1217, 613, 8, 1),
(1218, 613, 12, 1),
(1219, 614, 12, 2),
(1220, 614, 3, 1),
(1221, 615, 5, 1),
(1222, 615, 1, 1),
(1223, 616, 3, 1),
(1224, 617, 1, 1),
(1225, 617, 10, 2),
(1226, 618, 1, 1),
(1227, 619, 9, 1),
(1228, 619, 10, 1),
(1229, 620, 1, 2),
(1230, 621, 5, 1),
(1231, 621, 3, 2),
(1232, 622, 6, 1),
(1233, 623, 6, 1),
(1234, 624, 8, 2),
(1235, 624, 9, 1),
(1236, 625, 8, 1),
(1237, 625, 1, 1),
(1238, 626, 9, 1),
(1239, 627, 9, 1),
(1240, 627, 4, 3),
(1241, 627, 3, 2),
(1242, 628, 1, 3),
(1243, 628, 8, 1),
(1244, 629, 5, 2),
(1245, 630, 9, 1),
(1246, 630, 5, 1),
(1247, 631, 3, 1),
(1248, 632, 1, 1),
(1249, 633, 12, 2),
(1250, 633, 8, 1),
(1251, 634, 11, 1),
(1252, 635, 4, 1),
(1253, 635, 8, 1),
(1254, 636, 8, 1),
(1255, 636, 10, 1),
(1256, 637, 11, 1),
(1257, 637, 6, 2),
(1258, 638, 1, 1),
(1259, 639, 4, 1),
(1260, 639, 12, 1),
(1261, 640, 6, 1),
(1262, 640, 10, 1),
(1263, 641, 1, 2),
(1264, 641, 8, 1),
(1265, 641, 4, 1),
(1266, 642, 7, 1),
(1267, 642, 4, 3),
(1268, 642, 12, 1),
(1269, 643, 4, 1),
(1270, 644, 3, 1),
(1271, 645, 1, 1),
(1272, 646, 2, 2),
(1273, 646, 6, 1),
(1274, 647, 10, 1),
(1275, 647, 7, 2),
(1276, 647, 2, 2),
(1277, 647, 12, 1),
(1278, 648, 4, 2),
(1279, 648, 1, 1),
(1280, 648, 10, 1),
(1281, 648, 12, 1),
(1282, 649, 2, 2),
(1283, 650, 11, 1),
(1284, 650, 9, 1),
(1285, 650, 6, 1),
(1286, 651, 10, 1),
(1287, 651, 7, 2),
(1288, 652, 4, 1),
(1289, 652, 7, 1),
(1290, 653, 2, 1),
(1291, 654, 8, 1),
(1292, 654, 9, 1),
(1293, 655, 7, 1),
(1294, 656, 5, 1),
(1295, 656, 9, 1),
(1296, 656, 11, 1),
(1297, 657, 6, 1),
(1298, 657, 4, 1),
(1299, 658, 10, 3),
(1300, 659, 5, 1),
(1301, 660, 9, 2),
(1302, 660, 3, 1),
(1303, 661, 8, 2),
(1304, 661, 6, 1),
(1305, 662, 8, 2),
(1306, 663, 12, 1),
(1307, 664, 11, 2),
(1308, 664, 7, 1),
(1309, 665, 3, 1),
(1310, 665, 6, 1),
(1311, 665, 10, 1),
(1312, 666, 7, 1),
(1313, 667, 2, 1),
(1314, 668, 4, 1),
(1315, 669, 8, 1),
(1316, 669, 1, 1),
(1317, 670, 3, 1),
(1318, 670, 9, 1),
(1319, 670, 7, 2),
(1320, 670, 8, 1),
(1321, 671, 10, 2),
(1322, 672, 1, 3),
(1323, 673, 10, 1),
(1324, 673, 8, 1),
(1325, 674, 12, 2),
(1326, 675, 3, 1),
(1327, 675, 10, 1),
(1328, 676, 1, 2),
(1329, 676, 4, 1),
(1330, 677, 12, 2),
(1331, 677, 4, 1),
(1332, 678, 6, 2),
(1333, 678, 7, 1),
(1334, 679, 12, 1),
(1335, 680, 8, 1),
(1336, 680, 3, 1),
(1337, 681, 2, 1),
(1338, 682, 3, 1),
(1339, 682, 8, 1),
(1340, 683, 5, 1),
(1341, 683, 8, 1),
(1342, 684, 2, 1),
(1343, 684, 6, 1),
(1344, 685, 6, 1),
(1345, 685, 8, 1),
(1346, 686, 10, 1),
(1347, 687, 3, 2),
(1348, 687, 4, 2),
(1349, 687, 7, 1),
(1350, 687, 5, 1),
(1351, 688, 7, 1),
(1352, 688, 4, 1),
(1353, 689, 11, 1),
(1354, 689, 3, 1),
(1355, 690, 3, 1),
(1356, 690, 1, 2),
(1357, 690, 2, 1),
(1358, 690, 10, 1),
(1359, 691, 7, 1),
(1360, 692, 12, 2),
(1361, 692, 7, 2),
(1362, 693, 5, 1),
(1363, 693, 4, 1),
(1364, 693, 7, 1),
(1365, 694, 7, 1),
(1366, 694, 11, 1),
(1367, 695, 9, 1),
(1368, 695, 2, 2),
(1369, 696, 7, 1),
(1370, 697, 7, 1),
(1371, 698, 2, 1),
(1372, 698, 1, 2),
(1373, 699, 1, 1),
(1374, 700, 6, 1),
(1375, 700, 10, 1),
(1376, 701, 11, 3),
(1377, 701, 7, 2),
(1378, 701, 12, 2),
(1379, 701, 1, 1),
(1380, 702, 2, 2),
(1381, 703, 10, 1),
(1382, 703, 11, 1),
(1383, 704, 6, 2),
(1384, 705, 7, 2),
(1385, 705, 10, 1),
(1386, 706, 12, 1),
(1387, 706, 7, 1),
(1388, 706, 5, 2),
(1389, 707, 8, 2),
(1390, 708, 8, 3),
(1391, 709, 11, 1),
(1392, 710, 6, 1),
(1393, 710, 7, 1),
(1394, 710, 5, 1),
(1395, 711, 8, 2),
(1396, 711, 2, 1),
(1397, 712, 6, 1),
(1398, 713, 9, 2),
(1399, 713, 7, 1),
(1400, 714, 4, 1),
(1401, 714, 2, 1),
(1402, 715, 10, 1),
(1403, 716, 3, 1),
(1404, 716, 9, 1),
(1405, 716, 10, 1),
(1406, 717, 8, 1),
(1407, 717, 11, 1),
(1408, 717, 12, 1),
(1409, 718, 9, 3),
(1410, 719, 4, 1),
(1411, 719, 8, 3),
(1412, 720, 12, 2),
(1413, 721, 12, 3),
(1414, 721, 7, 1),
(1415, 721, 5, 2),
(1416, 722, 7, 1),
(1417, 722, 12, 1),
(1418, 722, 2, 2),
(1419, 722, 9, 1),
(1420, 723, 1, 1),
(1421, 723, 5, 1),
(1422, 723, 8, 1),
(1423, 724, 4, 1),
(1424, 724, 11, 2),
(1425, 724, 1, 1),
(1426, 725, 3, 1),
(1427, 725, 1, 3),
(1428, 726, 7, 3),
(1429, 727, 8, 1),
(1430, 728, 11, 2),
(1431, 728, 12, 2),
(1432, 728, 2, 1),
(1433, 729, 2, 1),
(1434, 730, 10, 1),
(1435, 730, 8, 1),
(1436, 731, 5, 1),
(1437, 731, 10, 1),
(1438, 732, 12, 1),
(1439, 732, 1, 2),
(1440, 733, 11, 1),
(1441, 733, 2, 2),
(1442, 733, 12, 1),
(1443, 734, 1, 2),
(1444, 734, 7, 1),
(1445, 734, 9, 1),
(1446, 735, 1, 1),
(1447, 736, 12, 1),
(1448, 737, 11, 1),
(1449, 737, 9, 2),
(1450, 737, 4, 1),
(1451, 737, 3, 3),
(1452, 738, 11, 1),
(1453, 739, 5, 1),
(1454, 740, 11, 2),
(1455, 740, 9, 2),
(1456, 740, 1, 2),
(1457, 741, 2, 1),
(1458, 742, 8, 1),
(1459, 743, 1, 1),
(1460, 743, 3, 1),
(1461, 743, 5, 1),
(1462, 744, 8, 1),
(1463, 745, 12, 1),
(1464, 746, 1, 1),
(1465, 746, 3, 2),
(1466, 747, 11, 1),
(1467, 747, 3, 2),
(1468, 748, 7, 3),
(1469, 748, 3, 2),
(1470, 748, 2, 1),
(1471, 749, 6, 1),
(1472, 750, 2, 2),
(1473, 751, 2, 2),
(1474, 752, 2, 1),
(1475, 752, 9, 1),
(1476, 753, 7, 1),
(1477, 754, 1, 1),
(1478, 755, 8, 1),
(1479, 756, 6, 1),
(1480, 756, 7, 2),
(1481, 757, 5, 1),
(1482, 758, 5, 1),
(1483, 758, 2, 1),
(1484, 759, 6, 1),
(1485, 759, 10, 1),
(1486, 760, 3, 1),
(1487, 760, 11, 1),
(1488, 760, 10, 2),
(1489, 761, 2, 1),
(1490, 761, 9, 1),
(1491, 761, 10, 3),
(1492, 762, 9, 1),
(1493, 763, 6, 1),
(1494, 763, 8, 1),
(1495, 763, 2, 2),
(1496, 763, 7, 1),
(1497, 764, 10, 1),
(1498, 765, 9, 1),
(1499, 765, 2, 2),
(1500, 766, 3, 1);

INSERT INTO order_items (order_item_id, order_id, product_id, quantity) VALUES
(1501, 767, 12, 1),
(1502, 767, 9, 2),
(1503, 768, 9, 1),
(1504, 769, 5, 3),
(1505, 769, 1, 1),
(1506, 769, 4, 1),
(1507, 770, 12, 2),
(1508, 771, 1, 1),
(1509, 772, 1, 1),
(1510, 773, 5, 1),
(1511, 773, 11, 1),
(1512, 773, 10, 1),
(1513, 773, 9, 1),
(1514, 774, 12, 1),
(1515, 774, 7, 2),
(1516, 775, 8, 2),
(1517, 776, 7, 1),
(1518, 776, 11, 1),
(1519, 776, 10, 1),
(1520, 777, 3, 1),
(1521, 777, 1, 1),
(1522, 778, 3, 1),
(1523, 778, 4, 1),
(1524, 778, 2, 1),
(1525, 778, 5, 3),
(1526, 779, 2, 1),
(1527, 779, 4, 1),
(1528, 779, 3, 1),
(1529, 780, 12, 1),
(1530, 781, 2, 2),
(1531, 781, 9, 1),
(1532, 782, 6, 1),
(1533, 782, 11, 2),
(1534, 783, 2, 1),
(1535, 783, 4, 3),
(1536, 784, 2, 1),
(1537, 784, 1, 1),
(1538, 784, 10, 1),
(1539, 785, 10, 1),
(1540, 785, 5, 1),
(1541, 786, 3, 1),
(1542, 786, 11, 1),
(1543, 786, 12, 1),
(1544, 787, 12, 1),
(1545, 787, 5, 1),
(1546, 788, 8, 1),
(1547, 788, 7, 1),
(1548, 789, 9, 1),
(1549, 789, 8, 1),
(1550, 790, 9, 2),
(1551, 790, 10, 2),
(1552, 791, 6, 1),
(1553, 792, 3, 1),
(1554, 793, 6, 2),
(1555, 793, 8, 1),
(1556, 794, 3, 1),
(1557, 794, 9, 1),
(1558, 795, 9, 1),
(1559, 795, 5, 1),
(1560, 795, 4, 3),
(1561, 796, 1, 1),
(1562, 796, 4, 2),
(1563, 797, 11, 1),
(1564, 797, 12, 1),
(1565, 798, 2, 1),
(1566, 799, 9, 1),
(1567, 800, 4, 1),
(1568, 801, 6, 1),
(1569, 802, 6, 1),
(1570, 803, 4, 1),
(1571, 803, 10, 3),
(1572, 804, 5, 1),
(1573, 805, 5, 1),
(1574, 806, 8, 1),
(1575, 807, 3, 3),
(1576, 807, 2, 1),
(1577, 808, 3, 1),
(1578, 808, 8, 1),
(1579, 808, 6, 1),
(1580, 809, 11, 3),
(1581, 809, 1, 1),
(1582, 809, 10, 2),
(1583, 810, 3, 1),
(1584, 811, 6, 1),
(1585, 811, 8, 1),
(1586, 812, 7, 2),
(1587, 813, 3, 1),
(1588, 814, 5, 1),
(1589, 814, 11, 1),
(1590, 815, 2, 1),
(1591, 815, 12, 1),
(1592, 815, 1, 1),
(1593, 815, 7, 1),
(1594, 816, 7, 1),
(1595, 816, 4, 1),
(1596, 817, 8, 2),
(1597, 817, 7, 1),
(1598, 818, 5, 1),
(1599, 818, 11, 2),
(1600, 819, 7, 1),
(1601, 819, 1, 2),
(1602, 819, 11, 2),
(1603, 820, 10, 3),
(1604, 821, 1, 1),
(1605, 821, 10, 2),
(1606, 822, 7, 1),
(1607, 822, 4, 2),
(1608, 823, 11, 1),
(1609, 823, 5, 1),
(1610, 823, 9, 1),
(1611, 824, 10, 1),
(1612, 825, 8, 1),
(1613, 825, 11, 1),
(1614, 826, 4, 2),
(1615, 826, 7, 1),
(1616, 827, 10, 1),
(1617, 827, 2, 2),
(1618, 828, 8, 2),
(1619, 829, 8, 1),
(1620, 829, 11, 1),
(1621, 830, 3, 2),
(1622, 830, 5, 1),
(1623, 830, 1, 1),
(1624, 831, 10, 1),
(1625, 831, 12, 1),
(1626, 832, 1, 1),
(1627, 833, 1, 1),
(1628, 833, 6, 1),
(1629, 833, 3, 2),
(1630, 834, 11, 1),
(1631, 834, 5, 2),
(1632, 835, 4, 1),
(1633, 836, 10, 1),
(1634, 836, 5, 1),
(1635, 837, 5, 1),
(1636, 837, 6, 1),
(1637, 838, 8, 3),
(1638, 838, 3, 1),
(1639, 838, 1, 1),
(1640, 839, 2, 2),
(1641, 839, 3, 1),
(1642, 840, 3, 1),
(1643, 840, 6, 1),
(1644, 841, 4, 1),
(1645, 841, 9, 1),
(1646, 841, 2, 1),
(1647, 842, 11, 1),
(1648, 843, 8, 1),
(1649, 844, 10, 1),
(1650, 844, 7, 1),
(1651, 845, 5, 1),
(1652, 845, 3, 1),
(1653, 845, 7, 1),
(1654, 846, 7, 1),
(1655, 846, 5, 1),
(1656, 846, 11, 1),
(1657, 847, 8, 1),
(1658, 848, 2, 2),
(1659, 848, 1, 1),
(1660, 848, 4, 3),
(1661, 848, 11, 2),
(1662, 849, 6, 3),
(1663, 849, 9, 2),
(1664, 850, 5, 1),
(1665, 851, 3, 2),
(1666, 852, 7, 1),
(1667, 852, 11, 1),
(1668, 852, 8, 1),
(1669, 853, 8, 1),
(1670, 853, 4, 1),
(1671, 853, 2, 1),
(1672, 854, 4, 1),
(1673, 854, 2, 1),
(1674, 855, 3, 1),
(1675, 855, 5, 1),
(1676, 855, 1, 1),
(1677, 856, 7, 1),
(1678, 857, 11, 1),
(1679, 858, 9, 1),
(1680, 858, 10, 1),
(1681, 859, 1, 1),
(1682, 860, 12, 1),
(1683, 860, 7, 1),
(1684, 860, 11, 2),
(1685, 861, 5, 1),
(1686, 862, 10, 2),
(1687, 862, 8, 1),
(1688, 862, 5, 1),
(1689, 863, 1, 1),
(1690, 864, 12, 1),
(1691, 865, 5, 1),
(1692, 865, 6, 2),
(1693, 866, 10, 1),
(1694, 866, 8, 1),
(1695, 866, 2, 1),
(1696, 867, 6, 1),
(1697, 867, 8, 1),
(1698, 867, 1, 1),
(1699, 867, 4, 1),
(1700, 868, 9, 2),
(1701, 868, 3, 1),
(1702, 868, 5, 1),
(1703, 868, 6, 3),
(1704, 869, 5, 2),
(1705, 870, 12, 2),
(1706, 870, 6, 1),
(1707, 871, 9, 1),
(1708, 871, 3, 3),
(1709, 872, 5, 1),
(1710, 873, 3, 1),
(1711, 874, 9, 1),
(1712, 874, 8, 2),
(1713, 875, 9, 1),
(1714, 875, 5, 2),
(1715, 875, 10, 1),
(1716, 876, 11, 1),
(1717, 876, 4, 1),
(1718, 876, 3, 1),
(1719, 877, 11, 1),
(1720, 877, 5, 1),
(1721, 878, 8, 1),
(1722, 879, 11, 1),
(1723, 879, 10, 2),
(1724, 880, 1, 1),
(1725, 880, 3, 2),
(1726, 881, 2, 1),
(1727, 881, 3, 1),
(1728, 882, 11, 1),
(1729, 883, 8, 1),
(1730, 883, 10, 1),
(1731, 884, 10, 1),
(1732, 884, 6, 2),
(1733, 885, 11, 1),
(1734, 886, 2, 2),
(1735, 886, 3, 1),
(1736, 886, 7, 1),
(1737, 887, 6, 1),
(1738, 888, 7, 3),
(1739, 888, 3, 1),
(1740, 889, 4, 1),
(1741, 890, 1, 1),
(1742, 891, 6, 1),
(1743, 891, 7, 1),
(1744, 891, 10, 1),
(1745, 892, 4, 2),
(1746, 892, 10, 1),
(1747, 893, 8, 2),
(1748, 893, 7, 1),
(1749, 893, 11, 1),
(1750, 894, 9, 1),
(1751, 895, 6, 2),
(1752, 895, 2, 1),
(1753, 896, 9, 1),
(1754, 896, 5, 2),
(1755, 896, 7, 1),
(1756, 896, 1, 2),
(1757, 897, 6, 2),
(1758, 898, 11, 2),
(1759, 899, 12, 3),
(1760, 899, 1, 2),
(1761, 899, 6, 1),
(1762, 900, 5, 1),
(1763, 900, 1, 1),
(1764, 900, 2, 1),
(1765, 900, 11, 1),
(1766, 901, 1, 1),
(1767, 901, 4, 1),
(1768, 901, 9, 1),
(1769, 901, 7, 1),
(1770, 902, 3, 1),
(1771, 902, 2, 2),
(1772, 903, 4, 1),
(1773, 903, 12, 1),
(1774, 903, 2, 1),
(1775, 904, 1, 1),
(1776, 904, 4, 1),
(1777, 904, 12, 1),
(1778, 904, 2, 1),
(1779, 905, 8, 1),
(1780, 905, 11, 1),
(1781, 906, 6, 1),
(1782, 906, 4, 1),
(1783, 907, 5, 1),
(1784, 908, 10, 1),
(1785, 908, 8, 1),
(1786, 909, 4, 1),
(1787, 909, 2, 2),
(1788, 910, 8, 1),
(1789, 910, 2, 2),
(1790, 911, 10, 1),
(1791, 912, 7, 1),
(1792, 913, 10, 1),
(1793, 913, 1, 1),
(1794, 913, 2, 2),
(1795, 914, 1, 3),
(1796, 915, 2, 1),
(1797, 916, 5, 1),
(1798, 917, 11, 1),
(1799, 917, 1, 1),
(1800, 917, 4, 1),
(1801, 918, 1, 3),
(1802, 918, 5, 1),
(1803, 919, 4, 1),
(1804, 920, 6, 1),
(1805, 921, 5, 1),
(1806, 921, 3, 1),
(1807, 922, 5, 1),
(1808, 922, 10, 1),
(1809, 923, 4, 2),
(1810, 924, 4, 2),
(1811, 924, 7, 1),
(1812, 925, 4, 1),
(1813, 925, 10, 1),
(1814, 925, 9, 1),
(1815, 925, 11, 2),
(1816, 926, 6, 1),
(1817, 926, 4, 1),
(1818, 926, 12, 3),
(1819, 927, 10, 1),
(1820, 927, 4, 1),
(1821, 928, 7, 1),
(1822, 929, 1, 1),
(1823, 930, 9, 1),
(1824, 930, 10, 2),
(1825, 931, 9, 1),
(1826, 931, 10, 2),
(1827, 932, 1, 1),
(1828, 932, 4, 2),
(1829, 932, 7, 1),
(1830, 932, 9, 1),
(1831, 933, 3, 1),
(1832, 934, 3, 1),
(1833, 934, 2, 2),
(1834, 935, 9, 1),
(1835, 935, 12, 2),
(1836, 935, 4, 1),
(1837, 935, 1, 1),
(1838, 936, 5, 1),
(1839, 936, 2, 1),
(1840, 936, 11, 1),
(1841, 937, 6, 2),
(1842, 938, 6, 1),
(1843, 939, 6, 1),
(1844, 939, 1, 2),
(1845, 940, 11, 2),
(1846, 940, 1, 1),
(1847, 941, 5, 1),
(1848, 941, 8, 2),
(1849, 942, 9, 1),
(1850, 942, 4, 1),
(1851, 942, 1, 1),
(1852, 943, 11, 1),
(1853, 943, 10, 1),
(1854, 944, 5, 1),
(1855, 944, 11, 1),
(1856, 944, 8, 1),
(1857, 945, 8, 1),
(1858, 945, 12, 1),
(1859, 946, 6, 1),
(1860, 947, 1, 1),
(1861, 947, 5, 1),
(1862, 948, 3, 1),
(1863, 949, 10, 1),
(1864, 950, 6, 1),
(1865, 950, 9, 1),
(1866, 951, 11, 2),
(1867, 952, 3, 2),
(1868, 952, 5, 1),
(1869, 953, 12, 2),
(1870, 954, 4, 2),
(1871, 954, 10, 1),
(1872, 954, 5, 1),
(1873, 955, 10, 1),
(1874, 955, 8, 1),
(1875, 955, 7, 1),
(1876, 955, 5, 1),
(1877, 956, 1, 2),
(1878, 956, 7, 1),
(1879, 957, 11, 3),
(1880, 958, 2, 1),
(1881, 958, 3, 2),
(1882, 959, 11, 1),
(1883, 960, 7, 1),
(1884, 960, 2, 1),
(1885, 960, 12, 1),
(1886, 961, 7, 1),
(1887, 962, 5, 1),
(1888, 962, 2, 1),
(1889, 963, 3, 1),
(1890, 963, 12, 1),
(1891, 964, 9, 1),
(1892, 965, 12, 1),
(1893, 965, 10, 1),
(1894, 966, 10, 1),
(1895, 966, 3, 2),
(1896, 966, 11, 1),
(1897, 967, 8, 1),
(1898, 967, 6, 2),
(1899, 968, 6, 2),
(1900, 968, 5, 1),
(1901, 969, 5, 1),
(1902, 969, 3, 1),
(1903, 969, 7, 1),
(1904, 969, 9, 1),
(1905, 970, 8, 1),
(1906, 970, 11, 1),
(1907, 970, 6, 1),
(1908, 971, 4, 1),
(1909, 971, 8, 1),
(1910, 971, 6, 1),
(1911, 971, 9, 2),
(1912, 972, 5, 1),
(1913, 973, 1, 3),
(1914, 974, 11, 1),
(1915, 974, 8, 2),
(1916, 974, 12, 2),
(1917, 974, 3, 2),
(1918, 975, 12, 1),
(1919, 976, 11, 1),
(1920, 977, 12, 1),
(1921, 977, 1, 1),
(1922, 978, 6, 1),
(1923, 978, 9, 1),
(1924, 979, 9, 1),
(1925, 980, 12, 1),
(1926, 980, 9, 1),
(1927, 981, 2, 1),
(1928, 981, 6, 2),
(1929, 982, 6, 1),
(1930, 983, 5, 1),
(1931, 983, 8, 1),
(1932, 983, 12, 1),
(1933, 983, 2, 1),
(1934, 984, 10, 1),
(1935, 985, 11, 2),
(1936, 986, 4, 1),
(1937, 987, 8, 1),
(1938, 987, 10, 1),
(1939, 988, 1, 1),
(1940, 988, 3, 1),
(1941, 989, 8, 1),
(1942, 989, 10, 1),
(1943, 989, 11, 1),
(1944, 990, 3, 1),
(1945, 990, 6, 1),
(1946, 990, 8, 1),
(1947, 991, 4, 1),
(1948, 992, 3, 1),
(1949, 993, 11, 1),
(1950, 993, 7, 2),
(1951, 993, 8, 1),
(1952, 994, 5, 1),
(1953, 994, 11, 1),
(1954, 994, 7, 1),
(1955, 995, 3, 1),
(1956, 995, 4, 1),
(1957, 995, 6, 1),
(1958, 996, 8, 1),
(1959, 997, 7, 1),
(1960, 997, 3, 1),
(1961, 998, 11, 1),
(1962, 999, 11, 2),
(1963, 999, 7, 1),
(1964, 1000, 8, 1),
(1965, 1000, 5, 2),
(1966, 1001, 7, 1),
(1967, 1001, 6, 2),
(1968, 1002, 8, 1),
(1969, 1002, 6, 1),
(1970, 1003, 3, 1),
(1971, 1003, 2, 1),
(1972, 1004, 8, 1),
(1973, 1005, 10, 1),
(1974, 1005, 8, 1),
(1975, 1005, 1, 1),
(1976, 1006, 12, 1),
(1977, 1006, 2, 1),
(1978, 1007, 11, 1),
(1979, 1008, 5, 1),
(1980, 1008, 10, 2),
(1981, 1009, 7, 1),
(1982, 1009, 5, 2),
(1983, 1010, 11, 1),
(1984, 1010, 5, 1),
(1985, 1010, 12, 2),
(1986, 1011, 11, 1),
(1987, 1011, 6, 1),
(1988, 1011, 2, 1),
(1989, 1012, 12, 1),
(1990, 1013, 9, 1),
(1991, 1013, 6, 1),
(1992, 1014, 8, 1),
(1993, 1014, 1, 1),
(1994, 1015, 5, 3),
(1995, 1015, 9, 1),
(1996, 1015, 8, 1),
(1997, 1016, 4, 1),
(1998, 1016, 2, 1),
(1999, 1017, 6, 1),
(2000, 1017, 4, 1);

INSERT INTO order_items (order_item_id, order_id, product_id, quantity) VALUES
(2001, 1018, 9, 1),
(2002, 1018, 7, 1),
(2003, 1019, 10, 1),
(2004, 1019, 4, 1),
(2005, 1020, 4, 1),
(2006, 1021, 11, 1),
(2007, 1021, 7, 2),
(2008, 1022, 3, 1),
(2009, 1022, 8, 1),
(2010, 1022, 4, 2),
(2011, 1023, 3, 1),
(2012, 1023, 4, 1),
(2013, 1023, 8, 1),
(2014, 1024, 2, 2),
(2015, 1024, 7, 1),
(2016, 1024, 5, 1),
(2017, 1025, 3, 1),
(2018, 1025, 9, 2),
(2019, 1025, 5, 1),
(2020, 1026, 5, 1),
(2021, 1026, 8, 1),
(2022, 1027, 7, 1),
(2023, 1027, 5, 1),
(2024, 1028, 12, 1),
(2025, 1029, 11, 1),
(2026, 1029, 3, 1),
(2027, 1029, 10, 2),
(2028, 1029, 9, 1),
(2029, 1030, 1, 1),
(2030, 1030, 11, 1),
(2031, 1030, 2, 1),
(2032, 1031, 6, 1),
(2033, 1031, 8, 2),
(2034, 1032, 6, 1),
(2035, 1032, 11, 1),
(2036, 1033, 1, 1),
(2037, 1033, 8, 1),
(2038, 1033, 10, 1),
(2039, 1033, 9, 1),
(2040, 1034, 10, 1),
(2041, 1035, 3, 1),
(2042, 1035, 9, 1),
(2043, 1035, 5, 1),
(2044, 1036, 11, 1),
(2045, 1037, 10, 1),
(2046, 1038, 2, 1),
(2047, 1038, 8, 1),
(2048, 1038, 4, 2),
(2049, 1039, 3, 1),
(2050, 1039, 6, 1),
(2051, 1040, 6, 1),
(2052, 1040, 9, 1),
(2053, 1041, 8, 2),
(2054, 1041, 6, 1),
(2055, 1041, 9, 1),
(2056, 1042, 8, 2),
(2057, 1042, 2, 1),
(2058, 1042, 5, 1),
(2059, 1043, 5, 1),
(2060, 1043, 6, 2),
(2061, 1044, 1, 3),
(2062, 1044, 7, 1),
(2063, 1044, 12, 2),
(2064, 1045, 12, 1),
(2065, 1046, 12, 1),
(2066, 1047, 10, 1),
(2067, 1047, 4, 1),
(2068, 1048, 5, 1),
(2069, 1048, 1, 2),
(2070, 1049, 6, 1),
(2071, 1049, 8, 1),
(2072, 1049, 4, 1),
(2073, 1049, 3, 1),
(2074, 1050, 11, 1),
(2075, 1051, 9, 1),
(2076, 1052, 8, 1),
(2077, 1052, 5, 1),
(2078, 1052, 10, 1),
(2079, 1053, 9, 2),
(2080, 1054, 2, 1),
(2081, 1054, 11, 2),
(2082, 1054, 7, 3),
(2083, 1054, 5, 1),
(2084, 1055, 12, 2),
(2085, 1055, 7, 1),
(2086, 1056, 6, 1),
(2087, 1057, 8, 1),
(2088, 1058, 1, 1),
(2089, 1059, 2, 2),
(2090, 1059, 3, 1),
(2091, 1059, 9, 1),
(2092, 1060, 12, 1),
(2093, 1060, 6, 1),
(2094, 1061, 8, 1),
(2095, 1061, 1, 2),
(2096, 1062, 2, 3),
(2097, 1062, 7, 1),
(2098, 1062, 5, 1),
(2099, 1062, 4, 1),
(2100, 1063, 6, 1),
(2101, 1063, 1, 1),
(2102, 1064, 1, 1),
(2103, 1064, 12, 1),
(2104, 1065, 7, 2),
(2105, 1065, 3, 3),
(2106, 1065, 11, 1),
(2107, 1066, 1, 1),
(2108, 1066, 8, 1),
(2109, 1066, 4, 2),
(2110, 1067, 12, 1),
(2111, 1067, 9, 1),
(2112, 1067, 3, 2),
(2113, 1068, 7, 1),
(2114, 1068, 9, 2),
(2115, 1069, 5, 1),
(2116, 1069, 3, 1),
(2117, 1069, 6, 1),
(2118, 1070, 10, 1),
(2119, 1071, 5, 1),
(2120, 1072, 8, 2),
(2121, 1073, 5, 1),
(2122, 1073, 2, 1),
(2123, 1073, 6, 1),
(2124, 1074, 12, 1),
(2125, 1075, 2, 2),
(2126, 1075, 9, 2),
(2127, 1075, 3, 1),
(2128, 1075, 7, 1),
(2129, 1076, 9, 2),
(2130, 1076, 10, 1),
(2131, 1077, 12, 1),
(2132, 1077, 9, 1),
(2133, 1078, 12, 1),
(2134, 1079, 7, 1),
(2135, 1080, 5, 1),
(2136, 1081, 10, 1),
(2137, 1081, 12, 1),
(2138, 1081, 2, 1),
(2139, 1082, 3, 1),
(2140, 1082, 11, 1),
(2141, 1083, 7, 1),
(2142, 1084, 11, 2),
(2143, 1084, 5, 1),
(2144, 1085, 4, 1),
(2145, 1085, 11, 2),
(2146, 1086, 12, 2),
(2147, 1086, 6, 1),
(2148, 1086, 5, 2),
(2149, 1087, 12, 1),
(2150, 1087, 4, 1),
(2151, 1087, 9, 2),
(2152, 1088, 10, 1),
(2153, 1088, 4, 1),
(2154, 1088, 6, 1),
(2155, 1089, 8, 1),
(2156, 1089, 12, 1),
(2157, 1090, 6, 1),
(2158, 1091, 5, 1),
(2159, 1091, 10, 1),
(2160, 1091, 12, 1),
(2161, 1091, 1, 2),
(2162, 1092, 5, 1),
(2163, 1092, 6, 2),
(2164, 1093, 10, 1),
(2165, 1093, 6, 1),
(2166, 1093, 1, 1),
(2167, 1093, 12, 3),
(2168, 1094, 4, 2),
(2169, 1094, 10, 3),
(2170, 1095, 6, 1),
(2171, 1095, 2, 1),
(2172, 1096, 8, 2),
(2173, 1096, 3, 1),
(2174, 1097, 3, 1),
(2175, 1097, 5, 1),
(2176, 1098, 1, 1),
(2177, 1098, 10, 1),
(2178, 1099, 6, 1),
(2179, 1100, 3, 1),
(2180, 1100, 4, 1),
(2181, 1100, 10, 3),
(2182, 1101, 3, 1),
(2183, 1101, 8, 2),
(2184, 1102, 1, 2),
(2185, 1103, 2, 1),
(2186, 1103, 6, 1),
(2187, 1103, 3, 1),
(2188, 1103, 9, 1),
(2189, 1104, 7, 2),
(2190, 1104, 8, 1),
(2191, 1105, 8, 1),
(2192, 1105, 4, 2),
(2193, 1105, 7, 2),
(2194, 1105, 1, 2),
(2195, 1106, 2, 2),
(2196, 1106, 11, 1),
(2197, 1106, 6, 1),
(2198, 1107, 3, 1),
(2199, 1108, 2, 1),
(2200, 1108, 8, 1),
(2201, 1109, 5, 2),
(2202, 1109, 11, 1),
(2203, 1109, 1, 1),
(2204, 1109, 9, 2),
(2205, 1110, 1, 1),
(2206, 1111, 1, 1),
(2207, 1111, 11, 1),
(2208, 1111, 7, 1),
(2209, 1111, 9, 1),
(2210, 1112, 2, 1),
(2211, 1112, 4, 1),
(2212, 1113, 2, 2),
(2213, 1113, 5, 1),
(2214, 1113, 1, 2),
(2215, 1114, 7, 1),
(2216, 1114, 1, 1),
(2217, 1115, 12, 1),
(2218, 1115, 11, 2),
(2219, 1116, 7, 1),
(2220, 1117, 1, 1),
(2221, 1118, 4, 1),
(2222, 1118, 2, 1),
(2223, 1119, 12, 1),
(2224, 1120, 5, 1),
(2225, 1120, 10, 2),
(2226, 1121, 8, 1),
(2227, 1121, 4, 3),
(2228, 1122, 3, 1),
(2229, 1122, 2, 1),
(2230, 1122, 11, 1),
(2231, 1123, 4, 1),
(2232, 1123, 12, 2),
(2233, 1123, 6, 1),
(2234, 1123, 1, 3),
(2235, 1124, 7, 1),
(2236, 1125, 11, 1),
(2237, 1126, 5, 1),
(2238, 1126, 9, 1),
(2239, 1127, 1, 1),
(2240, 1127, 10, 1),
(2241, 1128, 1, 1),
(2242, 1128, 7, 1),
(2243, 1129, 1, 1),
(2244, 1129, 10, 1),
(2245, 1129, 9, 2),
(2246, 1130, 12, 1),
(2247, 1130, 4, 1),
(2248, 1131, 3, 2),
(2249, 1131, 8, 1),
(2250, 1131, 9, 1),
(2251, 1132, 6, 2),
(2252, 1132, 1, 1),
(2253, 1132, 7, 1),
(2254, 1133, 11, 1),
(2255, 1134, 4, 1),
(2256, 1134, 12, 2),
(2257, 1135, 1, 1),
(2258, 1135, 4, 1),
(2259, 1135, 7, 1),
(2260, 1135, 3, 1),
(2261, 1136, 8, 2),
(2262, 1136, 4, 1),
(2263, 1137, 11, 1),
(2264, 1137, 1, 2),
(2265, 1138, 2, 1),
(2266, 1139, 6, 1),
(2267, 1139, 10, 2),
(2268, 1139, 12, 1),
(2269, 1140, 3, 1),
(2270, 1141, 11, 1),
(2271, 1141, 8, 1),
(2272, 1142, 8, 2),
(2273, 1142, 2, 1),
(2274, 1142, 1, 1),
(2275, 1142, 3, 2),
(2276, 1143, 3, 2),
(2277, 1143, 8, 3),
(2278, 1144, 2, 1),
(2279, 1144, 3, 1),
(2280, 1144, 11, 2),
(2281, 1145, 6, 1),
(2282, 1145, 5, 2),
(2283, 1145, 2, 1),
(2284, 1145, 12, 2),
(2285, 1146, 8, 1),
(2286, 1146, 5, 2),
(2287, 1147, 2, 2),
(2288, 1147, 1, 1),
(2289, 1147, 3, 1),
(2290, 1148, 2, 1),
(2291, 1148, 1, 1),
(2292, 1148, 11, 2),
(2293, 1149, 6, 1),
(2294, 1149, 11, 1),
(2295, 1150, 12, 3),
(2296, 1151, 2, 1),
(2297, 1152, 8, 1),
(2298, 1152, 10, 1),
(2299, 1153, 9, 1),
(2300, 1153, 1, 3),
(2301, 1154, 12, 1),
(2302, 1154, 2, 2),
(2303, 1155, 5, 1),
(2304, 1155, 10, 1),
(2305, 1155, 7, 1),
(2306, 1156, 11, 1),
(2307, 1156, 5, 1),
(2308, 1157, 7, 1),
(2309, 1158, 6, 2),
(2310, 1158, 10, 2),
(2311, 1159, 6, 2),
(2312, 1159, 7, 1),
(2313, 1159, 8, 1),
(2314, 1160, 7, 1),
(2315, 1160, 11, 1),
(2316, 1160, 3, 2),
(2317, 1161, 1, 1),
(2318, 1162, 5, 1),
(2319, 1162, 9, 1),
(2320, 1163, 11, 1),
(2321, 1163, 1, 1),
(2322, 1164, 8, 1),
(2323, 1164, 5, 1),
(2324, 1165, 10, 1),
(2325, 1165, 4, 2),
(2326, 1165, 12, 1),
(2327, 1166, 3, 1),
(2328, 1166, 10, 1),
(2329, 1167, 7, 2),
(2330, 1168, 1, 1),
(2331, 1168, 8, 1),
(2332, 1168, 4, 1),
(2333, 1169, 8, 1),
(2334, 1169, 6, 2),
(2335, 1169, 10, 1),
(2336, 1169, 9, 2),
(2337, 1170, 9, 1),
(2338, 1170, 5, 1),
(2339, 1171, 5, 1),
(2340, 1172, 3, 1),
(2341, 1172, 8, 1),
(2342, 1173, 4, 1),
(2343, 1173, 10, 1),
(2344, 1174, 9, 1),
(2345, 1174, 8, 2),
(2346, 1174, 6, 1),
(2347, 1175, 6, 2),
(2348, 1175, 10, 1),
(2349, 1176, 7, 1),
(2350, 1177, 8, 2),
(2351, 1177, 3, 2),
(2352, 1177, 2, 1),
(2353, 1178, 12, 1),
(2354, 1178, 4, 1),
(2355, 1179, 6, 2),
(2356, 1179, 7, 1),
(2357, 1180, 12, 1),
(2358, 1180, 7, 1),
(2359, 1181, 12, 2),
(2360, 1181, 4, 1),
(2361, 1181, 11, 1),
(2362, 1182, 1, 1),
(2363, 1182, 11, 1),
(2364, 1183, 4, 2),
(2365, 1184, 8, 1),
(2366, 1184, 7, 1),
(2367, 1185, 4, 1),
(2368, 1185, 2, 1),
(2369, 1185, 10, 1),
(2370, 1186, 7, 1),
(2371, 1187, 7, 1),
(2372, 1188, 1, 2),
(2373, 1189, 11, 1),
(2374, 1190, 2, 1),
(2375, 1191, 5, 1),
(2376, 1191, 1, 1),
(2377, 1192, 1, 1),
(2378, 1192, 12, 2),
(2379, 1193, 5, 1),
(2380, 1193, 12, 1),
(2381, 1194, 8, 2),
(2382, 1195, 12, 2),
(2383, 1195, 8, 1),
(2384, 1196, 6, 1),
(2385, 1196, 9, 1),
(2386, 1197, 12, 1),
(2387, 1197, 7, 3),
(2388, 1198, 4, 2),
(2389, 1198, 1, 1),
(2390, 1198, 9, 2),
(2391, 1199, 4, 1),
(2392, 1200, 2, 1),
(2393, 1201, 2, 2),
(2394, 1201, 7, 1),
(2395, 1202, 5, 1),
(2396, 1202, 7, 2),
(2397, 1203, 8, 1),
(2398, 1203, 6, 1),
(2399, 1203, 11, 2),
(2400, 1203, 1, 2),
(2401, 1204, 11, 1),
(2402, 1204, 8, 3),
(2403, 1204, 1, 2),
(2404, 1205, 12, 1),
(2405, 1206, 8, 1),
(2406, 1206, 1, 1),
(2407, 1207, 11, 1),
(2408, 1208, 9, 1),
(2409, 1208, 3, 1),
(2410, 1209, 10, 1),
(2411, 1210, 1, 1),
(2412, 1210, 5, 1),
(2413, 1210, 10, 1),
(2414, 1211, 12, 2),
(2415, 1212, 11, 1),
(2416, 1213, 2, 1),
(2417, 1213, 12, 3),
(2418, 1213, 3, 1),
(2419, 1213, 10, 1),
(2420, 1214, 12, 1),
(2421, 1214, 6, 1),
(2422, 1215, 10, 1),
(2423, 1215, 9, 2),
(2424, 1216, 4, 1),
(2425, 1216, 11, 1),
(2426, 1216, 8, 1),
(2427, 1217, 3, 2),
(2428, 1218, 2, 1),
(2429, 1218, 10, 1),
(2430, 1218, 3, 1),
(2431, 1218, 4, 2),
(2432, 1219, 6, 2),
(2433, 1220, 10, 1),
(2434, 1220, 4, 1),
(2435, 1221, 11, 1),
(2436, 1221, 3, 1),
(2437, 1222, 9, 1),
(2438, 1222, 2, 2),
(2439, 1223, 11, 2),
(2440, 1224, 8, 1),
(2441, 1224, 9, 2),
(2442, 1224, 12, 1),
(2443, 1225, 10, 1),
(2444, 1225, 3, 1),
(2445, 1226, 5, 1),
(2446, 1226, 11, 1),
(2447, 1227, 10, 3),
(2448, 1227, 4, 1),
(2449, 1227, 6, 1),
(2450, 1228, 4, 2),
(2451, 1228, 10, 1),
(2452, 1229, 7, 1),
(2453, 1229, 2, 1),
(2454, 1230, 4, 2),
(2455, 1231, 7, 2),
(2456, 1231, 6, 1),
(2457, 1231, 1, 2),
(2458, 1232, 5, 1),
(2459, 1233, 5, 1),
(2460, 1234, 12, 1),
(2461, 1234, 3, 1),
(2462, 1235, 2, 2),
(2463, 1235, 12, 1),
(2464, 1236, 6, 1),
(2465, 1236, 3, 2),
(2466, 1237, 9, 1),
(2467, 1237, 1, 1),
(2468, 1237, 12, 1),
(2469, 1238, 6, 1),
(2470, 1238, 10, 1),
(2471, 1238, 5, 1),
(2472, 1239, 7, 1),
(2473, 1240, 9, 2),
(2474, 1240, 12, 1),
(2475, 1240, 7, 1),
(2476, 1241, 7, 2),
(2477, 1241, 5, 1),
(2478, 1241, 9, 2),
(2479, 1242, 5, 1),
(2480, 1242, 2, 1),
(2481, 1242, 10, 1),
(2482, 1242, 7, 1),
(2483, 1243, 8, 1),
(2484, 1243, 10, 1),
(2485, 1243, 3, 1),
(2486, 1244, 8, 1),
(2487, 1244, 12, 1),
(2488, 1245, 2, 1),
(2489, 1245, 5, 1),
(2490, 1245, 6, 1),
(2491, 1246, 9, 1),
(2492, 1246, 12, 2),
(2493, 1247, 9, 1),
(2494, 1248, 9, 1),
(2495, 1249, 8, 1),
(2496, 1249, 6, 1),
(2497, 1249, 10, 2),
(2498, 1250, 9, 1),
(2499, 1250, 1, 1),
(2500, 1251, 12, 1);

INSERT INTO order_items (order_item_id, order_id, product_id, quantity) VALUES
(2501, 1252, 7, 1),
(2502, 1253, 10, 1),
(2503, 1254, 4, 3),
(2504, 1254, 1, 1),
(2505, 1255, 3, 2),
(2506, 1256, 6, 3),
(2507, 1256, 8, 1),
(2508, 1257, 11, 1),
(2509, 1258, 5, 2),
(2510, 1258, 10, 1),
(2511, 1259, 5, 3),
(2512, 1259, 8, 1),
(2513, 1259, 7, 2),
(2514, 1259, 1, 1),
(2515, 1260, 4, 2),
(2516, 1260, 8, 1),
(2517, 1260, 3, 1),
(2518, 1261, 4, 1),
(2519, 1262, 1, 2),
(2520, 1262, 7, 1),
(2521, 1262, 11, 1),
(2522, 1263, 8, 2),
(2523, 1264, 10, 2),
(2524, 1265, 2, 2),
(2525, 1265, 12, 1),
(2526, 1265, 11, 1),
(2527, 1266, 1, 1),
(2528, 1266, 12, 1),
(2529, 1267, 12, 1),
(2530, 1267, 6, 1),
(2531, 1267, 10, 1),
(2532, 1268, 4, 2),
(2533, 1268, 3, 2),
(2534, 1269, 2, 1),
(2535, 1269, 10, 1),
(2536, 1269, 5, 2),
(2537, 1270, 4, 1),
(2538, 1270, 5, 2),
(2539, 1271, 9, 1),
(2540, 1271, 5, 1),
(2541, 1272, 4, 1),
(2542, 1272, 12, 1),
(2543, 1273, 8, 1),
(2544, 1274, 4, 1),
(2545, 1275, 9, 2),
(2546, 1275, 10, 1),
(2547, 1275, 5, 1),
(2548, 1275, 4, 1),
(2549, 1276, 8, 1),
(2550, 1276, 12, 1),
(2551, 1277, 12, 1),
(2552, 1277, 7, 3),
(2553, 1278, 12, 2),
(2554, 1278, 6, 1),
(2555, 1279, 3, 1),
(2556, 1280, 9, 1),
(2557, 1280, 10, 1),
(2558, 1281, 12, 1),
(2559, 1281, 10, 1),
(2560, 1282, 11, 1),
(2561, 1282, 2, 2),
(2562, 1283, 3, 2),
(2563, 1284, 3, 2),
(2564, 1285, 9, 1),
(2565, 1286, 1, 2),
(2566, 1286, 4, 2),
(2567, 1286, 2, 2),
(2568, 1287, 9, 1),
(2569, 1287, 8, 1),
(2570, 1288, 7, 1),
(2571, 1288, 4, 1),
(2572, 1289, 3, 1),
(2573, 1289, 12, 1),
(2574, 1289, 6, 1),
(2575, 1289, 11, 3),
(2576, 1290, 7, 2),
(2577, 1290, 2, 1),
(2578, 1290, 9, 1),
(2579, 1291, 12, 2),
(2580, 1291, 4, 2),
(2581, 1292, 6, 1),
(2582, 1293, 11, 1),
(2583, 1293, 6, 1),
(2584, 1294, 2, 1),
(2585, 1295, 9, 1),
(2586, 1295, 6, 2),
(2587, 1296, 7, 1),
(2588, 1296, 5, 1),
(2589, 1297, 2, 2),
(2590, 1298, 5, 2),
(2591, 1299, 2, 1),
(2592, 1299, 4, 1),
(2593, 1300, 6, 1),
(2594, 1301, 8, 1),
(2595, 1302, 9, 2),
(2596, 1303, 1, 1),
(2597, 1303, 8, 1),
(2598, 1304, 1, 1),
(2599, 1304, 11, 1),
(2600, 1304, 9, 2),
(2601, 1304, 5, 1),
(2602, 1305, 10, 1),
(2603, 1305, 5, 1),
(2604, 1306, 1, 1),
(2605, 1306, 2, 1),
(2606, 1307, 5, 1),
(2607, 1307, 7, 1),
(2608, 1308, 9, 1),
(2609, 1308, 5, 1),
(2610, 1309, 8, 1),
(2611, 1309, 9, 1),
(2612, 1309, 2, 1),
(2613, 1310, 5, 1),
(2614, 1310, 3, 1),
(2615, 1310, 8, 2),
(2616, 1310, 4, 1),
(2617, 1311, 12, 1),
(2618, 1312, 1, 1),
(2619, 1312, 2, 2),
(2620, 1313, 11, 1),
(2621, 1313, 9, 2),
(2622, 1313, 10, 2),
(2623, 1314, 6, 1),
(2624, 1314, 9, 1),
(2625, 1314, 7, 1),
(2626, 1314, 12, 1),
(2627, 1315, 11, 1),
(2628, 1315, 7, 3),
(2629, 1316, 4, 1),
(2630, 1316, 6, 1),
(2631, 1317, 9, 1),
(2632, 1318, 3, 1),
(2633, 1319, 5, 2),
(2634, 1319, 9, 1),
(2635, 1319, 11, 2),
(2636, 1320, 3, 1),
(2637, 1320, 10, 1),
(2638, 1320, 9, 1),
(2639, 1321, 10, 1),
(2640, 1322, 7, 1),
(2641, 1322, 9, 1),
(2642, 1323, 12, 1),
(2643, 1324, 12, 1),
(2644, 1324, 3, 1),
(2645, 1325, 10, 2),
(2646, 1325, 9, 1),
(2647, 1326, 6, 1),
(2648, 1327, 4, 1),
(2649, 1328, 11, 1),
(2650, 1328, 9, 2),
(2651, 1329, 1, 2),
(2652, 1330, 6, 1),
(2653, 1331, 8, 1),
(2654, 1331, 2, 2),
(2655, 1332, 1, 1),
(2656, 1332, 3, 1),
(2657, 1332, 6, 2),
(2658, 1332, 10, 1),
(2659, 1333, 10, 1),
(2660, 1333, 11, 1),
(2661, 1333, 12, 1),
(2662, 1334, 1, 1),
(2663, 1334, 6, 1),
(2664, 1335, 5, 2),
(2665, 1336, 5, 1),
(2666, 1336, 9, 1),
(2667, 1337, 6, 1),
(2668, 1337, 12, 1),
(2669, 1338, 12, 1),
(2670, 1339, 10, 1),
(2671, 1339, 9, 1),
(2672, 1340, 1, 1),
(2673, 1341, 2, 1),
(2674, 1341, 9, 1),
(2675, 1341, 11, 1),
(2676, 1342, 4, 1),
(2677, 1342, 9, 2),
(2678, 1342, 12, 1),
(2679, 1343, 12, 1),
(2680, 1344, 11, 1),
(2681, 1344, 5, 1),
(2682, 1345, 12, 1),
(2683, 1345, 9, 1),
(2684, 1346, 5, 1),
(2685, 1346, 11, 2),
(2686, 1346, 7, 1),
(2687, 1347, 12, 1),
(2688, 1347, 11, 1),
(2689, 1347, 6, 1),
(2690, 1348, 7, 2),
(2691, 1348, 5, 1),
(2692, 1349, 12, 1),
(2693, 1349, 2, 1),
(2694, 1349, 6, 1),
(2695, 1350, 12, 1),
(2696, 1350, 1, 1),
(2697, 1351, 4, 2),
(2698, 1351, 3, 1),
(2699, 1352, 10, 1),
(2700, 1352, 4, 1),
(2701, 1353, 4, 2),
(2702, 1353, 1, 2),
(2703, 1354, 7, 1),
(2704, 1354, 4, 1),
(2705, 1355, 5, 1),
(2706, 1356, 12, 1),
(2707, 1356, 5, 1),
(2708, 1357, 6, 2),
(2709, 1357, 4, 1),
(2710, 1357, 8, 3),
(2711, 1358, 7, 2),
(2712, 1358, 1, 2),
(2713, 1359, 7, 1),
(2714, 1359, 10, 2),
(2715, 1360, 12, 1),
(2716, 1361, 7, 1),
(2717, 1362, 7, 1),
(2718, 1362, 9, 3),
(2719, 1362, 3, 2),
(2720, 1363, 9, 1),
(2721, 1364, 8, 2),
(2722, 1365, 4, 1),
(2723, 1366, 12, 1),
(2724, 1366, 1, 1),
(2725, 1367, 5, 2),
(2726, 1367, 10, 1),
(2727, 1367, 3, 1),
(2728, 1368, 10, 1),
(2729, 1368, 11, 1),
(2730, 1369, 11, 1),
(2731, 1369, 10, 1),
(2732, 1369, 12, 2),
(2733, 1370, 6, 1),
(2734, 1371, 7, 1),
(2735, 1371, 12, 2),
(2736, 1371, 10, 1),
(2737, 1372, 2, 2),
(2738, 1372, 8, 3),
(2739, 1373, 12, 1),
(2740, 1374, 11, 1),
(2741, 1374, 4, 2),
(2742, 1374, 9, 2),
(2743, 1375, 7, 3),
(2744, 1375, 11, 2),
(2745, 1375, 2, 1),
(2746, 1376, 4, 1),
(2747, 1376, 1, 2),
(2748, 1377, 9, 1),
(2749, 1377, 6, 2),
(2750, 1377, 10, 1),
(2751, 1378, 10, 2),
(2752, 1379, 3, 1),
(2753, 1379, 8, 1),
(2754, 1379, 4, 1),
(2755, 1380, 10, 1),
(2756, 1380, 9, 1),
(2757, 1380, 3, 1),
(2758, 1381, 12, 1),
(2759, 1381, 11, 2),
(2760, 1381, 10, 2),
(2761, 1382, 3, 1),
(2762, 1382, 9, 1),
(2763, 1382, 6, 1),
(2764, 1383, 12, 1),
(2765, 1383, 11, 1),
(2766, 1384, 8, 1),
(2767, 1384, 4, 2),
(2768, 1384, 7, 2),
(2769, 1385, 11, 2),
(2770, 1386, 7, 1),
(2771, 1387, 2, 1),
(2772, 1387, 11, 1),
(2773, 1387, 5, 1),
(2774, 1387, 7, 2),
(2775, 1388, 8, 3),
(2776, 1388, 10, 1),
(2777, 1389, 9, 2),
(2778, 1389, 5, 2),
(2779, 1390, 10, 1),
(2780, 1390, 4, 1),
(2781, 1390, 9, 1),
(2782, 1391, 10, 1),
(2783, 1392, 5, 1),
(2784, 1392, 6, 1),
(2785, 1393, 8, 1),
(2786, 1393, 2, 1),
(2787, 1394, 11, 1),
(2788, 1395, 2, 1),
(2789, 1395, 11, 1),
(2790, 1395, 8, 1),
(2791, 1395, 10, 2),
(2792, 1396, 3, 1),
(2793, 1396, 6, 1),
(2794, 1396, 9, 1),
(2795, 1397, 11, 1),
(2796, 1398, 1, 1),
(2797, 1399, 6, 1),
(2798, 1399, 11, 1),
(2799, 1400, 12, 1),
(2800, 1401, 10, 1),
(2801, 1401, 7, 1),
(2802, 1402, 3, 1),
(2803, 1402, 11, 1),
(2804, 1403, 4, 2),
(2805, 1403, 9, 1),
(2806, 1403, 10, 1),
(2807, 1404, 6, 1),
(2808, 1404, 8, 2),
(2809, 1405, 4, 1),
(2810, 1405, 12, 1),
(2811, 1405, 6, 1),
(2812, 1405, 9, 2),
(2813, 1406, 11, 1),
(2814, 1406, 8, 3),
(2815, 1407, 11, 1),
(2816, 1407, 5, 1),
(2817, 1407, 12, 1),
(2818, 1408, 2, 2),
(2819, 1409, 6, 1),
(2820, 1409, 10, 1),
(2821, 1409, 4, 2),
(2822, 1410, 6, 1),
(2823, 1410, 12, 1),
(2824, 1411, 9, 1),
(2825, 1411, 2, 1),
(2826, 1412, 3, 3),
(2827, 1412, 11, 2),
(2828, 1412, 2, 1),
(2829, 1412, 5, 1),
(2830, 1413, 8, 1),
(2831, 1413, 9, 1),
(2832, 1414, 9, 1),
(2833, 1415, 9, 3),
(2834, 1415, 7, 2),
(2835, 1415, 11, 1),
(2836, 1415, 1, 1),
(2837, 1416, 3, 1),
(2838, 1416, 8, 3),
(2839, 1416, 6, 2),
(2840, 1417, 6, 2),
(2841, 1417, 12, 2),
(2842, 1418, 2, 1),
(2843, 1418, 7, 2),
(2844, 1418, 6, 1),
(2845, 1419, 10, 2),
(2846, 1419, 11, 1),
(2847, 1420, 6, 1),
(2848, 1420, 2, 1),
(2849, 1420, 4, 1),
(2850, 1421, 2, 1),
(2851, 1422, 10, 1),
(2852, 1422, 8, 3),
(2853, 1423, 8, 1),
(2854, 1423, 5, 1),
(2855, 1423, 7, 1),
(2856, 1424, 2, 1),
(2857, 1425, 4, 1),
(2858, 1425, 2, 1),
(2859, 1426, 1, 1),
(2860, 1426, 7, 2),
(2861, 1427, 9, 1),
(2862, 1428, 2, 1),
(2863, 1428, 11, 2),
(2864, 1429, 6, 1),
(2865, 1429, 9, 1),
(2866, 1430, 2, 1),
(2867, 1430, 11, 1),
(2868, 1431, 10, 1),
(2869, 1431, 11, 1),
(2870, 1432, 10, 2),
(2871, 1433, 6, 2),
(2872, 1433, 11, 1),
(2873, 1434, 8, 1),
(2874, 1434, 2, 1),
(2875, 1435, 12, 1),
(2876, 1435, 2, 2),
(2877, 1435, 4, 1),
(2878, 1436, 3, 1),
(2879, 1437, 12, 1),
(2880, 1437, 1, 1),
(2881, 1438, 11, 1),
(2882, 1438, 8, 1),
(2883, 1439, 12, 1),
(2884, 1439, 6, 1),
(2885, 1440, 1, 1),
(2886, 1440, 4, 1),
(2887, 1440, 12, 2),
(2888, 1441, 8, 1),
(2889, 1442, 2, 2),
(2890, 1442, 1, 1),
(2891, 1443, 1, 1),
(2892, 1444, 2, 1),
(2893, 1445, 2, 2),
(2894, 1446, 5, 1),
(2895, 1447, 6, 2),
(2896, 1447, 7, 1),
(2897, 1447, 2, 1),
(2898, 1448, 1, 1),
(2899, 1448, 2, 1),
(2900, 1449, 9, 1),
(2901, 1449, 6, 2),
(2902, 1450, 3, 3),
(2903, 1450, 1, 2),
(2904, 1450, 12, 1),
(2905, 1451, 1, 1),
(2906, 1451, 3, 1),
(2907, 1452, 1, 1),
(2908, 1452, 7, 2),
(2909, 1452, 4, 1),
(2910, 1453, 11, 1),
(2911, 1453, 12, 1),
(2912, 1453, 1, 1),
(2913, 1454, 7, 2),
(2914, 1454, 8, 1),
(2915, 1454, 10, 1),
(2916, 1455, 11, 1),
(2917, 1455, 6, 1),
(2918, 1456, 5, 1),
(2919, 1457, 9, 1),
(2920, 1457, 2, 2),
(2921, 1457, 1, 1),
(2922, 1458, 2, 1),
(2923, 1459, 12, 1),
(2924, 1460, 6, 1),
(2925, 1461, 4, 1),
(2926, 1461, 1, 1),
(2927, 1462, 9, 1),
(2928, 1462, 5, 1),
(2929, 1463, 7, 1),
(2930, 1464, 7, 1),
(2931, 1464, 10, 1),
(2932, 1465, 7, 2),
(2933, 1465, 12, 1),
(2934, 1465, 11, 1),
(2935, 1466, 7, 1),
(2936, 1467, 5, 1),
(2937, 1468, 2, 1),
(2938, 1468, 7, 2),
(2939, 1469, 12, 1),
(2940, 1469, 4, 2),
(2941, 1470, 2, 1),
(2942, 1470, 4, 1),
(2943, 1471, 6, 1),
(2944, 1471, 9, 1),
(2945, 1471, 11, 2),
(2946, 1472, 8, 1),
(2947, 1472, 3, 1),
(2948, 1472, 5, 1),
(2949, 1473, 10, 1),
(2950, 1474, 12, 1),
(2951, 1474, 2, 1),
(2952, 1474, 9, 1),
(2953, 1475, 12, 2),
(2954, 1475, 1, 1),
(2955, 1475, 7, 1),
(2956, 1475, 8, 1),
(2957, 1476, 10, 1),
(2958, 1476, 3, 2),
(2959, 1476, 7, 1),
(2960, 1477, 10, 1),
(2961, 1477, 7, 1),
(2962, 1478, 2, 1),
(2963, 1478, 6, 1),
(2964, 1479, 12, 1),
(2965, 1479, 10, 1),
(2966, 1480, 7, 1),
(2967, 1480, 1, 1),
(2968, 1481, 9, 1),
(2969, 1481, 12, 1),
(2970, 1481, 7, 1),
(2971, 1482, 6, 1),
(2972, 1483, 10, 2),
(2973, 1483, 5, 1),
(2974, 1484, 11, 1),
(2975, 1484, 5, 1),
(2976, 1484, 9, 1),
(2977, 1484, 7, 1),
(2978, 1485, 6, 1),
(2979, 1486, 5, 3),
(2980, 1486, 6, 1),
(2981, 1487, 6, 1),
(2982, 1488, 7, 1),
(2983, 1489, 6, 2),
(2984, 1489, 4, 1),
(2985, 1490, 5, 1),
(2986, 1491, 8, 1),
(2987, 1491, 5, 2),
(2988, 1492, 12, 3),
(2989, 1493, 5, 1),
(2990, 1493, 9, 3),
(2991, 1493, 11, 1),
(2992, 1494, 8, 1),
(2993, 1494, 9, 2),
(2994, 1495, 1, 3),
(2995, 1495, 5, 1),
(2996, 1495, 8, 1),
(2997, 1495, 3, 1),
(2998, 1496, 1, 1),
(2999, 1496, 4, 1),
(3000, 1496, 9, 2);

INSERT INTO order_items (order_item_id, order_id, product_id, quantity) VALUES
(3001, 1497, 9, 1),
(3002, 1497, 1, 1),
(3003, 1498, 3, 1),
(3004, 1499, 6, 1),
(3005, 1499, 5, 2),
(3006, 1499, 1, 1),
(3007, 1500, 4, 1),
(3008, 1500, 2, 2),
(3009, 1501, 10, 1),
(3010, 1501, 8, 3),
(3011, 1501, 12, 1),
(3012, 1502, 11, 1),
(3013, 1503, 11, 2),
(3014, 1503, 3, 2),
(3015, 1504, 2, 3),
(3016, 1504, 10, 2),
(3017, 1504, 7, 1),
(3018, 1505, 4, 2),
(3019, 1505, 6, 1),
(3020, 1505, 9, 2),
(3021, 1505, 10, 1),
(3022, 1506, 12, 1),
(3023, 1506, 2, 2),
(3024, 1506, 9, 1),
(3025, 1507, 3, 1),
(3026, 1508, 1, 2),
(3027, 1509, 10, 1),
(3028, 1510, 11, 1),
(3029, 1510, 12, 1),
(3030, 1511, 9, 2),
(3031, 1511, 7, 1),
(3032, 1512, 12, 1),
(3033, 1512, 10, 3),
(3034, 1512, 1, 1),
(3035, 1513, 11, 1),
(3036, 1513, 3, 1),
(3037, 1513, 5, 1),
(3038, 1514, 3, 1),
(3039, 1514, 5, 1),
(3040, 1515, 4, 2),
(3041, 1515, 10, 1),
(3042, 1516, 3, 2),
(3043, 1517, 12, 2),
(3044, 1517, 10, 1),
(3045, 1517, 9, 1),
(3046, 1518, 1, 1),
(3047, 1518, 2, 1),
(3048, 1518, 9, 1),
(3049, 1519, 2, 1),
(3050, 1519, 1, 2),
(3051, 1520, 12, 1),
(3052, 1521, 2, 1),
(3053, 1521, 10, 1),
(3054, 1522, 4, 1),
(3055, 1522, 6, 2),
(3056, 1523, 4, 1),
(3057, 1524, 12, 2),
(3058, 1524, 10, 1),
(3059, 1524, 7, 2),
(3060, 1524, 8, 1),
(3061, 1525, 11, 1),
(3062, 1525, 10, 1),
(3063, 1526, 1, 1),
(3064, 1527, 7, 1),
(3065, 1527, 1, 1),
(3066, 1528, 6, 1),
(3067, 1528, 8, 2),
(3068, 1528, 9, 1),
(3069, 1529, 10, 2),
(3070, 1529, 6, 2),
(3071, 1529, 3, 1),
(3072, 1530, 5, 1),
(3073, 1530, 2, 1),
(3074, 1531, 11, 2),
(3075, 1532, 7, 1),
(3076, 1532, 3, 1),
(3077, 1533, 8, 2),
(3078, 1533, 1, 2),
(3079, 1534, 2, 1),
(3080, 1534, 9, 1),
(3081, 1534, 6, 2),
(3082, 1535, 10, 1),
(3083, 1536, 1, 1),
(3084, 1536, 12, 1),
(3085, 1537, 3, 1),
(3086, 1538, 11, 1),
(3087, 1538, 10, 1),
(3088, 1539, 11, 1),
(3089, 1540, 11, 1),
(3090, 1540, 3, 1),
(3091, 1541, 5, 3),
(3092, 1541, 2, 2),
(3093, 1541, 3, 1),
(3094, 1542, 1, 1),
(3095, 1542, 12, 1),
(3096, 1543, 4, 2),
(3097, 1544, 5, 1),
(3098, 1544, 8, 1),
(3099, 1545, 8, 1),
(3100, 1546, 12, 2),
(3101, 1546, 10, 1),
(3102, 1546, 6, 2),
(3103, 1546, 1, 1),
(3104, 1547, 12, 1),
(3105, 1547, 1, 1),
(3106, 1547, 4, 2),
(3107, 1547, 2, 2),
(3108, 1548, 9, 1),
(3109, 1549, 10, 1),
(3110, 1550, 11, 1),
(3111, 1550, 10, 1),
(3112, 1550, 6, 1),
(3113, 1551, 1, 1),
(3114, 1552, 9, 1),
(3115, 1553, 8, 1),
(3116, 1553, 9, 1),
(3117, 1553, 5, 2),
(3118, 1554, 12, 3),
(3119, 1555, 7, 1),
(3120, 1555, 3, 1),
(3121, 1556, 7, 1),
(3122, 1556, 6, 2),
(3123, 1557, 1, 1),
(3124, 1558, 4, 1),
(3125, 1559, 11, 2),
(3126, 1559, 7, 1),
(3127, 1560, 9, 1),
(3128, 1560, 5, 2),
(3129, 1560, 4, 1),
(3130, 1561, 1, 2),
(3131, 1561, 5, 1),
(3132, 1562, 9, 1),
(3133, 1562, 8, 1),
(3134, 1563, 5, 1),
(3135, 1563, 3, 3),
(3136, 1563, 7, 1),
(3137, 1564, 3, 1),
(3138, 1564, 8, 1),
(3139, 1564, 6, 1),
(3140, 1565, 2, 2),
(3141, 1565, 12, 1),
(3142, 1565, 6, 2),
(3143, 1566, 10, 1),
(3144, 1567, 9, 1),
(3145, 1567, 10, 1),
(3146, 1567, 8, 1),
(3147, 1568, 6, 1),
(3148, 1569, 8, 1),
(3149, 1569, 12, 1),
(3150, 1570, 6, 1),
(3151, 1570, 4, 2),
(3152, 1570, 8, 1),
(3153, 1571, 9, 2),
(3154, 1571, 10, 1),
(3155, 1571, 8, 3),
(3156, 1571, 3, 1),
(3157, 1572, 8, 1),
(3158, 1573, 11, 1),
(3159, 1573, 4, 2),
(3160, 1574, 11, 1),
(3161, 1574, 4, 1),
(3162, 1574, 3, 3),
(3163, 1574, 9, 3),
(3164, 1575, 12, 1),
(3165, 1575, 11, 1),
(3166, 1576, 4, 1),
(3167, 1576, 3, 1),
(3168, 1577, 12, 1),
(3169, 1578, 1, 1),
(3170, 1578, 7, 1),
(3171, 1579, 4, 1),
(3172, 1579, 8, 1),
(3173, 1579, 11, 1),
(3174, 1580, 11, 3),
(3175, 1580, 3, 1),
(3176, 1581, 7, 1),
(3177, 1581, 10, 2),
(3178, 1582, 1, 2),
(3179, 1582, 5, 1),
(3180, 1582, 4, 1),
(3181, 1582, 9, 1),
(3182, 1583, 1, 1),
(3183, 1583, 9, 1),
(3184, 1584, 1, 1),
(3185, 1584, 7, 1),
(3186, 1585, 1, 1),
(3187, 1585, 5, 2),
(3188, 1586, 7, 1),
(3189, 1586, 4, 1),
(3190, 1586, 5, 1),
(3191, 1586, 11, 1),
(3192, 1587, 7, 2),
(3193, 1587, 3, 1),
(3194, 1587, 12, 1),
(3195, 1588, 12, 1),
(3196, 1589, 11, 1),
(3197, 1590, 10, 1),
(3198, 1590, 11, 1),
(3199, 1591, 12, 1),
(3200, 1591, 2, 1),
(3201, 1591, 10, 1),
(3202, 1592, 5, 3),
(3203, 1592, 8, 1),
(3204, 1593, 5, 1),
(3205, 1593, 7, 1),
(3206, 1594, 5, 1),
(3207, 1594, 3, 1),
(3208, 1595, 10, 1),
(3209, 1595, 5, 2),
(3210, 1596, 6, 1),
(3211, 1596, 10, 2),
(3212, 1596, 7, 1),
(3213, 1597, 6, 2),
(3214, 1598, 5, 1),
(3215, 1599, 3, 2),
(3216, 1600, 1, 1),
(3217, 1601, 11, 2),
(3218, 1602, 9, 2),
(3219, 1602, 6, 1),
(3220, 1603, 9, 1),
(3221, 1604, 8, 1),
(3222, 1605, 7, 2),
(3223, 1605, 6, 2),
(3224, 1606, 5, 2),
(3225, 1607, 3, 2),
(3226, 1607, 8, 1),
(3227, 1608, 8, 1),
(3228, 1609, 10, 1),
(3229, 1610, 11, 1),
(3230, 1610, 2, 1),
(3231, 1611, 3, 1),
(3232, 1611, 1, 1),
(3233, 1611, 10, 1);
